the,433711,1,0
be,254655,1,1
been,254655,1,2
and,204198,1,3
a,200719,1,4
an,200719,1,5
i,166524,1,6
i'll,166524,1,7
of,138660,1,8
to,135179,1,9
he,111736,1,10
you,110379,1,11
in,101319,1,12
she,100109,1,13
are,100000,1,14
had,98622,1,15
has,98622,1,16
have,98622,1,17
it,98448,1,18
it's ,98448,1,19
did,75966,1,20
didn't,75966,1,21
do,75966,1,22
does,75966,1,23
doesn't,75966,1,24
don't,75966,1,25
his,75699,1,26
her,69594,1,27
can't,68000,1,28
cannot,68000,1,29
is,68000,1,30
isn't,68000,1,31
was,68000,1,32
wasn't,68000,1,33
were,68000,1,34
said,57383,2,35
say,57383,2,36
for,56048,2,37
with,53049,2,38
on,50075,2,39
but,46596,2,40
my,45374,2,41
at,44104,2,42
that,40791,2,43
they,39270,2,44
me,37328,2,45
go,36109,2,46
gone,36109,2,47
went,36109,2,48
what,34161,2,49
as,34152,2,50
we,33430,2,51
we'll,33430,2,52
not,32770,2,53
him,32285,2,54
from,31594,2,55
this,30717,2,56
get,29908,2,57
got,29908,2,58
up,29622,2,59
knew,26442,2,60
know,26442,2,61
would,24859,2,62
wouldn't,24859,2,63
look,24286,2,64
could,24155,2,65
couldn't,24155,2,66
all,23269,2,67
saw,23035,2,68
see,23035,2,69
seen,23035,2,70
out,22802,2,71
if,22796,2,72
into,22292,2,73
you're,22152,2,74
your,22152,2,75
can,21950,2,76
came,21713,2,77
come,21713,2,78
then,21072,2,79
think,20994,2,80
made,20895,2,81
make,20895,2,82
them,20226,2,83
just,20114,2,84
so,20098,2,85
about,18907,2,86
take,18835,2,87
took,18835,2,88
will,17118,2,89
won't,17118,2,90
when,17112,2,91
one,16897,2,92
time,16651,2,93
their,16542,2,94
like,16464,2,95
by,16424,2,96
man,15892,2,97
men,15892,2,98
want,15609,2,99
who,15254,2,100
now,15164,2,101
tell,15074,2,102
told,15074,2,103
or,14921,2,104
back,14691,2,105
how,14682,2,106
down,14470,2,107
there,14436,2,108
ask,13618,2,109
here,12821,2,110
eye,12538,2,111
eyes,12538,2,112
day,12420,2,113
hand,11521,2,114
too,11474,2,115
some,11266,2,116
way,11207,2,117
find,10836,2,118
gave,10678,2,119
give,10678,2,120
feel,10055,2,121
felt,10055,2,122
thing,9766,2,123
things,9766,2,124
turn,9670,2,125
head,9611,2,126
old,9592,2,127
hear,9570,2,128
heard,9570,2,129
good,9533,2,130
two,9530,2,131
never,9430,2,132
let,9330,2,133
let's,9330,2,134
mother,9278,2,135
than,9225,2,136
try,9116,2,137
why,9069,2,138
leave,9013,2,139
again,8914,2,140
our,8901,2,141
no,8848,2,142
year,8733,2,143
years,8733,2,144
even,8721,2,145
call,8655,2,146
called,8655,2,147
us,8637,2,148
something,8531,2,149
people,8528,2,150
through,8447,2,151
door,8263,2,152
well,8092,2,153
only,8018,2,154
father,8005,2,155
first,7980,2,156
ran,7952,2,157
run,7952,2,158
over,7899,2,159
still,7809,2,160
boy,7741,2,161
friend,7582,2,162
friends,7582,2,163
stand,7573,2,164
stood,7573,2,165
face,7495,2,166
sat,7430,2,167
sit,7430,2,168
away,7314,2,169
other,7268,2,170
put,7258,2,171
off,7199,2,172
house,7190,2,173
keep,7187,2,174
kept,7187,2,175
room,7156,2,176
walk,7059,2,177
woman,7000,2,178
women,7000,2,179
need,6842,2,180
little,6661,2,181
school,6646,2,182
big,6633,2,183
girl,6605,2,184
night,6549,2,185
stop,6512,2,186
after,6409,2,187
right,6310,2,188
more,6266,2,189
help,6204,2,190
start,6166,2,191
very,6110,2,192
held,6104,2,193
hold,6104,2,194
scene,6014,2,195
any,5977,2,196
must,5961,2,197
should,5862,2,198
life,5840,2,199
new,5827,2,200
because,5765,2,201
happened,5679,2,202
began,5634,2,203
begin,5634,2,204
word,5631,2,205
words,5631,2,206
wait,5563,2,207
where,5538,2,208
talk,5535,2,209
next,5525,2,210
really,5522,2,211
seem,5519,2,212
which,5507,2,213
work,5488,2,214
another,5476,2,215
around,5423,2,216
own,5401,2,217
watch,5361,2,218
always,5345,2,219
home,5320,2,220
last,5314,2,221
those,5292,2,222
voice,5292,2,223
mean,5105,2,224
means,5105,2,225
oh,5090,2,226
every,5049,2,227
yes,5025,2,228
ever,5018,2,229
three,4934,2,230
feet,4900,2,231
foot,4900,2,232
move,4888,2,233
arm,4869,2,234
arms,4869,2,235
play,4853,2,236
its,4844,2,237
place,4835,3,238
name,4813,3,239
small,4813,3,240
long,4717,3,241
brother,4713,3,242
maybe,4707,3,243
pull,4695,3,244
pulled,4695,3,245
young,4695,3,246
use,4682,3,247
happen,4679,3,248
sure,4667,3,249
few,4642,3,250
smile,4629,3,251
smiled,4629,3,252
great,4605,3,253
toward,4605,3,254
open,4589,3,255
live,4555,3,256
morning,4555,3,257
family,4552,3,258
child,4536,3,259
children,4536,3,260
these,4477,3,261
might,4468,3,262
until,4458,3,263
read,4455,3,264
hair,4452,3,265
nothing,4449,3,266
bring,4437,3,267
brought,4437,3,268
bad,4418,3,269
much,4396,3,270
anything,4284,3,271
many,4250,3,272
before,4244,3,273
side,4209,3,274
speak,4178,3,275
behind,4122,3,276
water,4110,3,277
himself,4051,3,278
everyone,4010,3,279
world,4007,3,280
fall,3973,3,281
fell,3973,3,282
while,3973,3,283
remember,3939,3,284
without,3914,3,285
laugh,3905,3,286
laughed,3905,3,287
under,3811,3,288
shake,3805,3,289
against,3793,3,290
moment,3793,3,291
window,3789,3,292
white,3761,3,293
reach,3755,3,294
reached,3755,3,295
black,3730,3,296
eat,3709,3,297
kid,3702,3,298
enough,3699,3,299
once,3696,3,300
story,3696,3,301
meet,3693,3,302
show,3668,3,303
shown,3668,3,304
tree,3634,3,305
later,3631,3,306
herself,3625,3,307
believe,3612,3,308
someone,3600,3,309
though,3575,3,310
became,3547,3,311
become,3547,3,312
stay,3531,3,313
across,3528,3,314
same,3528,3,315
high,3513,3,316
heart,3497,3,317
book,3488,3,318
pick,3469,3,319
picked,3469,3,320
almost,3457,3,321
wear,3432,3,322
stare,3410,3,323
love,3388,3,324
bed,3382,3,325
catch,3376,3,326
caught,3376,3,327
together,3357,3,328
week,3320,3,329
such,3273,3,330
suddenly,3254,3,331
soon,3236,3,332
sister,3233,3,333
set,3217,3,334
best,3211,3,335
grew,3211,3,336
grow,3211,3,337
air,3205,3,338
table,3205,3,339
write,3198,3,340
wrote,3198,3,341
car,3195,3,342
follow,3177,3,343
everything,3155,3,344
shoulder,3149,3,345
send,3114,3,346
sent,3114,3,347
wall,3114,3,348
mind,3111,3,349
each,3083,3,350
guy,3061,3,351
since,3055,3,352
dog,3043,3,353
lose,3024,3,354
minute,3002,3,355
minutes,3002,3,356
else,2987,3,357
die,2962,3,358
died,2962,3,359
end,2931,3,360
yet,2897,3,361
finally,2859,3,362
listen,2856,3,363
part,2844,3,364
horse,2828,3,365
finger,2822,3,366
fingers,2822,3,367
money,2794,3,368
kind,2791,3,369
far,2775,3,370
pass,2775,3,371
passed,2775,3,372
four,2766,3,373
mouth,2753,3,374
nod,2750,3,375
already,2747,3,376
hour,2741,3,377
hours,2741,3,378
leg,2741,3,379
legs,2741,3,380
floor,2738,3,381
sorry,2735,3,382
light,2710,3,383
better,2707,3,384
body,2676,3,385
ground,2660,3,386
cried,2645,3,387
cry,2645,3,388
idea,2641,3,389
today,2635,3,390
change,2629,3,391
understand,2620,3,392
also,2617,3,393
game,2601,3,394
break,2592,3,395
learn,2582,3,396
sound,2582,3,397
dark,2564,3,398
between,2561,3,399
throw,2557,3,400
close,2551,3,401
paper,2526,3,402
team,2514,3,403
town,2514,3,404
answer,2501,3,405
ball,2501,3,406
red,2501,3,407
most,2483,3,408
hope,2473,3,409
decide,2467,3,410
decided,2467,3,411
onto,2452,3,412
hang,2445,3,413
return,2439,3,414
hard,2433,3,415
job,2411,3,416
grab,2402,3,417
fine,2399,3,418
continue,2389,3,419
course,2386,3,420
myself,2386,3,421
carry,2380,3,422
son,2380,3,423
wish,2380,3,424
forget,2374,3,425
kill,2355,3,426
killed,2355,3,427
ago,2349,3,428
step,2324,3,429
fill,2321,3,430
filled,2321,3,431
parent,2315,3,432
breath,2312,3,433
blue,2309,3,434
real,2293,3,435
baby,2281,3,436
please,2268,3,437
month,2265,3,438
months,2265,3,439
street,2253,3,440
class,2218,3,441
whisper,2215,3,442
wonder,2212,3,443
line,2206,3,444
notice,2206,3,445
least,2197,3,446
cat,2193,3,447
lead,2190,3,448
led,2190,3,449
fire,2187,3,450
anyone,2178,3,451
lay,2175,3,452
thought,2172,3,453
whole,2172,3,454
large,2159,3,455
push,2150,3,456
pushed,2150,3,457
food,2147,3,458
win,2137,3,459
drop,2128,3,460
lot,2128,3,461
probably,2103,3,462
ready,2100,3,463
yeah,2100,3,464
kitchen,2094,3,465
front,2091,3,466
dead,2072,3,467
others,2069,3,468
hide,2066,3,469
jump,2066,3,470
jumped,2066,3,471
both,2057,3,472
ear,2057,3,473
ears,2057,3,474
bag,2050,3,475
may,2050,3,476
five,2041,3,477
rest,2041,3,478
guess,2038,3,479
happy,2032,3,480
shout,2029,3,481
shouted,2029,3,482
student,2022,3,483
students,2022,3,484
spend,2019,3,485
quickly,2007,3,486
mom,2001,3,487
drive,1994,3,488
thank,1994,3,489
beautiful,1991,3,490
king,1985,3,491
finish,1979,3,492
finished,1979,3,493
full,1979,3,494
wrong,1976,3,495
fly,1969,3,496
box,1963,3,497
climb,1963,3,498
climbed,1963,3,499
character,1960,3,500
sky,1957,3,501
draw,1954,3,502
glance,1941,3,503
inside,1941,3,504
problem,1941,3,505
realize,1938,3,506
explain,1932,3,507
dad,1926,3,508
bought,1920,3,509
buy,1920,3,510
point,1920,3,511
hit,1910,3,512
question,1910,3,513
questions,1910,3,514
wind,1882,3,515
pay,1879,3,516
tall,1879,3,517
chair,1876,3,518
slowly,1870,3,519
along,1851,3,520
different,1851,3,521
party,1851,3,522
bird,1848,3,523
birds,1848,3,524
crowd,1848,3,525
stone,1848,3,526
nice,1845,3,527
add,1842,3,528
animal,1842,3,529
reply,1842,3,530
glass,1839,3,531
appear,1814,3,532
hey,1811,3,533
hot,1811,3,534
sleep,1811,3,535
wife,1804,3,536
lean,1801,3,537
lip,1798,3,538
sun,1795,3,539
true,1786,3,540
arrive,1776,3,541
arrived,1776,3,542
cold,1776,3,543
piece,1776,3,544
care,1770,3,545
office,1770,3,546
forward,1767,3,547
fast,1764,3,548
fight,1758,3,549
miss,1745,3,550
yell,1736,3,551
roll,1733,3,552
rolled,1733,3,553
ride,1730,3,554
nose,1727,3,555
strong,1727,3,556
fact,1724,3,557
corner,1717,3,558
save,1717,3,559
person,1711,3,560
during,1699,3,561
raise,1674,3,562
raised,1674,3,563
short,1671,3,564
teacher,1668,3,565
summer,1664,3,566
late,1655,3,567
rock,1652,3,568
green,1649,3,569
six,1649,3,570
land,1640,3,571
trouble,1640,3,572
worry,1640,3,573
sometimes,1636,3,574
cut,1624,3,575
enter,1624,3,576
entered,1624,3,577
road,1621,3,578
cover,1615,3,579
covered,1615,3,580
rise,1612,3,581
chance,1608,3,582
deep,1608,3,583
age,1605,3,584
death,1605,3,585
phone,1599,3,586
hundred,1590,3,587
yourself,1590,3,588
field,1584,3,589
near,1577,3,590
sigh,1571,3,591
soldier,1571,3,592
soldiers,1571,3,593
beside,1562,3,594
hurt,1549,3,595
perhaps,1549,3,596
sing,1540,3,597
second,1537,3,598
top,1531,3,599
seat,1528,3,600
business,1524,3,601
low,1515,3,602
outside,1512,3,603
tomorrow,1509,3,604
important,1500,3,605
teach,1500,3,606
touch,1500,3,607
expect,1496,3,608
daughter,1490,3,609
past,1490,3,610
village,1490,3,611
reason,1487,3,612
able,1484,3,613
lie,1484,3,614
dinner,1481,3,615
half,1481,3,616
picture,1478,3,617
power,1475,3,618
tiny,1472,3,619
group,1465,3,620
lift,1462,3,621
lifted,1462,3,622
clothes,1453,3,623
quite,1453,3,624
several,1453,3,625
tooth,1450,3,626
hate,1447,3,627
quiet,1447,3,628
ten,1447,3,629
coach,1444,3,630
city,1437,3,631
shoot,1437,3,632
build,1434,3,633
built,1434,3,634
afternoon,1419,3,635
blood,1409,3,636
huge,1406,3,637
marry,1403,3,638
afraid,1400,3,639
ok,1397,3,640
special,1397,3,641
actually,1391,3,642
easy,1391,3,643
join,1391,3,644
joined,1391,3,645
imagine,1384,3,646
slip,1381,3,647
hall,1372,3,648
strange,1372,3,649
agree,1369,3,650
agreed,1369,3,651
country,1366,3,652
matter,1366,3,653
tear,1366,3,654
garden,1363,3,655
heavy,1356,3,656
neck,1356,3,657
dress,1347,3,658
attention,1341,3,659
building,1341,3,660
warm,1341,3,661
wood,1341,3,662
nearly,1338,3,663
steal,1338,3,664
gold,1335,3,665
stick,1335,3,666
chest,1332,3,667
cool,1332,3,668
dream,1332,3,669
check,1328,3,670
upon,1328,3,671
anyway,1322,3,672
above,1313,3,673
edge,1310,3,674
hurry,1307,3,675
number,1307,3,676
hole,1304,3,677
knee,1304,3,678
tonight,1304,3,679
star,1300,3,680
stars,1300,3,681
brown,1279,3,682
scream,1279,3,683
bus,1276,3,684
mountain,1276,3,685
mountains,1276,3,686
left,1269,3,687
letter,1269,3,688
skin,1269,3,689
allow,1263,3,690
wolf,1263,3,691
whatever,1257,3,692
gather,1254,3,693
lunch,1254,3,694
poor,1254,3,695
exactly,1248,3,696
angry,1241,3,697
slide,1241,3,698
wake,1238,3,699
lady,1235,3,700
evening,1229,3,701
river,1229,3,702
throat,1226,3,703
promise,1220,3,704
bright,1213,3,705
pretty,1213,3,706
blow,1207,3,707
desk,1207,3,708
free,1207,3,709
basket,1204,3,710
cloud,1201,3,711
ship,1201,3,712
visit,1201,3,713
often,1198,3,714
doctor,1195,3,715
store,1192,3,716
couple,1188,3,717
wave,1185,3,718
waves,1185,3,719
color,1182,3,720
husband,1182,3,721
note,1182,3,722
sign,1179,3,723
flower,1176,3,724
flowers,1176,3,725
gray,1173,3,726
sir,1173,3,727
soft,1173,3,728
cheek,1170,3,729
choose,1167,3,730
offer,1167,3,731
pocket,1167,3,732
snow,1167,3,733
supposed,1167,3,734
shoe,1164,3,735
shoes,1164,3,736
shut,1160,3,737
shirt,1157,3,738
sense,1151,3,739
war,1148,3,740
tired,1145,3,741
officer,1139,3,742
nobody,1136,3,743
figure,1132,3,744
shadow,1129,3,745
perfect,1126,3,746
glad,1123,3,747
news,1123,3,748
path,1123,3,749
plan,1120,3,750
safe,1111,3,751
dance,1101,3,752
early,1101,3,753
empty,1101,3,754
gaze,1098,3,755
grin,1098,3,756
alone,1095,3,757
beneath,1095,3,758
race,1095,3,759
feeling,1089,3,760
fish,1089,3,761
rain,1089,3,762
hat,1086,3,763
spot,1086,3,764
case,1083,3,765
either,1080,3,766
thick,1080,3,767
beat,1073,3,768
grandmother,1073,3,769
ice,1070,3,770
sick,1067,3,771
smell,1067,3,772
hill,1061,3,773
sell,1061,3,774
sight,1061,3,775
creature,1058,3,776
especially,1048,3,777
sweet,1048,3,778
clear,1039,3,779
stuff,1039,3,780
truth,1039,3,781
disappear,1036,3,782
music,1036,3,783
egg,1033,3,784
eggs,1033,3,785
tea,1033,3,786
drink,1030,3,787
swing,1030,3,788
state,1027,3,789
cousin,1020,3,790
wide,1020,3,791
cross,1017,3,792
stomach,1017,3,793
anymore,1014,3,794
apartment,1014,3,795
shrug,1014,3,796
study,1014,3,797
bell,1011,3,798
enjoy,1011,3,799
yellow,1011,3,800
pain,1005,3,801
pause,1005,3,802
practice,1005,3,803
settle,1005,3,804
settled,1005,3,805
middle,1002,3,806
player,1002,3,807
spirit,999,3,808
silence,996,3,809
wild,996,3,810
rich,989,3,811
silver,989,3,812
song,989,3,813
thousand,989,3,814
thousands,989,3,815
police,986,3,816
rush,983,3,817
fear,980,3,818
noise,980,3,819
remain,980,3,820
straight,980,3,821
gift,977,3,822
gate,974,3,823
rope,974,3,824
burn,968,3,825
snap,964,3,826
north,961,3,827
remind,961,3,828
shall,961,3,829
carefully,958,3,830
direction,955,3,831
everybody,955,3,832
boat,946,3,833
coffee,946,3,834
count,943,3,835
quick,940,3,836
busy,936,3,837
manage,936,3,838
birthday,930,3,839
breathe,930,3,840
church,927,3,841
yard,927,3,842
ignore,924,3,843
loud,924,3,844
moon,924,3,845
surprise,924,3,846
force,921,3,847
share,921,3,848
stair,921,3,849
camp,918,3,850
instead,918,3,851
tail,918,3,852
wrap,915,3,853
folk,912,3,854
frown,912,3,855
mine,912,3,856
ring,912,3,857
sea,912,3,858
ahead,908,3,859
test,905,3,860
winter,905,3,861
space,902,3,862
america,899,3,863
american,899,3,864
bedroom,899,3,865
none,899,3,866
silent,899,3,867
earth,896,3,868
rule,896,3,869
thin,896,3,870
consider,893,3,871
tongue,893,3,872
knock,890,3,873
leaf,890,3,874
living,890,3,875
press,890,3,876
wedding,890,3,877
search,887,3,878
company,884,3,879
dig,884,3,880
farm,884,3,881
mad,884,3,882
barely,880,3,883
card,880,3,884
kick,880,3,885
movie,880,3,886
refuse,880,3,887
coat,877,3,888
funny,877,3,889
act,874,3,890
admit,874,3,891
grandfather,874,3,892
lucky,874,3,893
shop,874,3,894
surprised,874,3,895
center,871,3,896
invite,871,3,897
within,871,3,898
wonderful,871,3,899
rub,868,3,900
among,865,3,901
born,865,3,902
crazy,865,3,903
flash,865,3,904
however,865,3,905
trust,865,3,906
toss,862,3,907
strike,859,3,908
college,852,3,909
approach,849,3,910
pink,849,3,911
cave,846,3,912
stupid,846,3,913
band,843,3,914
bit,843,3,915
escape,843,3,916
breakfast,840,3,917
cause,840,3,918
although,834,3,919
candle,831,3,920
member,831,3,921
members,831,3,922
terrible,831,3,923
bone,828,3,924
bones,828,3,925
certainly,828,3,926
drag,828,3,927
hardly,828,3,928
eight,824,3,929
hospital,824,3,930
mutter,824,3,931
themselves,824,3,932
tie,824,3,933
tied,824,3,934
stretch,821,3,935
stretched,821,3,936
bread,818,3,937
forest,818,3,938
ghost,818,3,939
pack,818,3,940
storm,818,3,941
bottom,815,3,942
distance,815,3,943
guard,815,3,944
kiss,815,3,945
okay,815,3,946
pair,815,3,947
rather,815,3,948
wing,815,3,949
wings,815,3,950
hell,812,3,951
human,812,3,952
prove,812,3,953
south,812,3,954
grass,803,3,955
usually,803,3,956
certain,800,3,957
discover,800,3,958
discovered,800,3,959
honey,800,3,960
serve,800,3,961
truck,800,3,962
bar,793,3,963
blanket,793,3,964
fun,793,3,965
order,790,3,966
sad,790,3,967
history,787,3,968
law,787,3,969
scared,787,3,970
third,787,3,971
besides,784,3,972
hi,784,3,973
leader,784,3,974
seven,784,3,975
twin,784,3,976
wooden,784,3,977
pale,781,3,978
pot,781,3,979
slave,781,3,980
alive,778,3,981
sharp,778,3,982
somewhere,778,3,983
entire,775,3,984
quietly,775,3,985
suppose,772,3,986
cup,768,3,987
prepare,768,3,988
prepared,768,3,989
servant,768,3,990
baseball,765,3,991
branch,765,3,992
branches,765,3,993
gun,765,3,994
travel,765,3,995
key,762,3,996
pour,762,3,997
warrior,762,3,998
hungry,759,3,999
memory,759,3,1000
favorite,756,3,1001
present,756,3,1002
protect,756,3,1003
fix,753,3,1004
grade,753,3,1005
neighbor,753,3,1006
dear,750,3,1007
jacket,750,3,1008
below,747,3,1009
bend,747,3,1010
shot,747,3,1011
burst,744,3,1012
single,740,3,1013
create,737,3,1014
iron,737,3,1015
cake,734,3,1016
gently,734,3,1017
lesson,734,3,1018
serious,734,3,1019
bother,731,3,1020
clean,731,3,1021
mouse,731,3,1022
pretend,731,3,1023
station,728,3,1024
treat,728,3,1025
feed,725,3,1026
forever,725,3,1027
fresh,725,3,1028
nor,725,3,1029
wash,725,3,1030
list,722,3,1031
local,722,3,1032
row,722,3,1033
spring,722,3,1034
trip,722,3,1035
british,719,3,1036
plate,719,3,1037
simply,716,3,1038
softly,716,3,1039
court,712,3,1040
spin,712,3,1041
swallow,712,3,1042
asleep,709,3,1043
mirror,709,3,1044
possible,709,3,1045
suggest,709,3,1046
suggested,709,3,1047
battle,706,3,1048
bear,706,3,1049
bite,706,3,1050
page,706,3,1051
suit,706,3,1052
accept,703,3,1053
date,703,3,1054
golden,703,3,1055
hello,703,3,1056
proud,703,3,1057
demand,700,3,1058
peer,700,3,1059
conversation,697,3,1060
position,697,3,1061
shape,697,3,1062
dry,694,3,1063
rabbit,694,3,1064
chin,691,3,1065
bank,688,3,1066
brain,688,3,1067
sort,688,3,1068
ah,684,3,1069
art,684,3,1070
hug,684,3,1071
roof,684,3,1072
whether,684,3,1073
leather,681,3,1074
recognize,681,3,1075
wipe,681,3,1076
boot,678,3,1077
fair,678,3,1078
leap,678,3,1079
newspaper,678,3,1080
control,675,3,1081
million,675,3,1082
strength,675,3,1083
twenty,675,3,1084
warn,675,3,1085
chicken,669,3,1086
indeed,669,3,1087
spread,669,3,1088
whose,669,3,1089
aunt,666,3,1090
secret,666,3,1091
language,663,3,1092
porch,663,3,1093
stranger,663,3,1094
trail,663,3,1095
beach,660,3,1096
repeat,660,3,1097
repeated,660,3,1098
bet,656,3,1099
plant,656,3,1100
surely,656,3,1101
announce,653,3,1102
bury,653,3,1103
fit,653,3,1104
mistake,653,3,1105
sand,653,3,1106
bathroom,650,3,1107
belong,650,3,1108
board,650,3,1109
circle,650,3,1110
beyond,647,3,1111
expression,647,3,1112
luck,647,3,1113
marriage,647,3,1114
pig,647,3,1115
powerful,647,3,1116
remove,647,3,1117
tower,647,3,1118
meeting,644,3,1119
track,644,3,1120
choice,641,3,1121
coin,641,3,1122
darkness,641,3,1123
form,641,3,1124
nine,641,3,1125
careful,638,3,1126
dirt,638,3,1127
service,638,3,1128
aside,635,3,1129
computer,635,3,1130
knife,635,3,1131
narrow,635,3,1132
nervous,635,3,1133
struggle,635,3,1134
basketball,632,3,1135
bike,632,3,1136
except,632,3,1137
reporter,632,3,1138
tone,632,3,1139
uncle,632,3,1140
destroy,628,3,1141
pool,628,3,1142
somebody,628,3,1143
somehow,628,3,1144
bench,625,3,1145
completely,625,3,1146
dare,625,3,1147
familiar,622,3,1148
feather,619,3,1149
handsome,619,3,1150
squeeze,619,3,1151
difficult,616,3,1152
yours,616,3,1153
blink,613,3,1154
lock,610,3,1155
mention,610,3,1156
slam,610,3,1157
block,607,3,1158
dozen,607,3,1159
heat,607,3,1160
soul,607,3,1161
speed,607,3,1162
army,604,3,1163
dangerous,604,3,1164
decision,604,3,1165
doll,604,3,1166
driver,604,3,1167
swim,604,3,1168
chocolate,600,3,1169
detail,600,3,1170
details,600,3,1171
famous,600,3,1172
milk,600,3,1173
cookie,597,3,1174
corn,597,3,1175
fault,597,3,1176
silk,597,3,1177
wet,597,3,1178
freeze,594,3,1179
immediately,594,3,1180
pile,594,3,1181
fist,591,3,1182
cell,588,3,1183
cells,588,3,1184
counter,588,3,1185
insist,588,3,1186
lots,588,3,1187
rose,588,3,1188
silly,588,3,1189
view,588,3,1190
lake,582,3,1191
less,582,3,1192
twice,582,3,1193
weight,582,3,1194
author,579,3,1195
fail,579,3,1196
main,579,3,1197
message,579,3,1198
neighborhood,579,3,1199
receive,579,3,1200
received,579,3,1201
cow,576,3,1202
cows,576,3,1203
farmer,576,3,1204
farmers,576,3,1205
major,576,3,1206
clearly,572,3,1207
event,572,3,1208
itself,572,3,1209
metal,572,3,1210
role,572,3,1211
government,569,3,1212
paint,569,3,1213
bottle,566,3,1214
doorway,566,3,1215
tale,566,3,1216
yesterday,566,3,1217
guest,563,3,1218
lovely,563,3,1219
slightly,563,3,1220
bush,560,3,1221
chase,560,3,1222
deal,560,3,1223
excited,560,3,1224
area,557,3,1225
palace,557,3,1226
shine,557,3,1227
sink,557,3,1228
smart,557,3,1229
thanks,557,3,1230
beauty,554,3,1231
beg,554,3,1232
heaven,554,3,1233
owner,554,3,1234
ancient,551,3,1235
anger,551,3,1236
bowl,551,3,1237
screen,551,3,1238
train,551,3,1239
barn,548,3,1240
dust,548,3,1241
hallway,548,3,1242
gentleman,544,3,1243
weak,544,3,1244
wheel,544,3,1245
wheels,544,3,1246
brush,541,3,1247
pound,541,3,1248
pounds,541,3,1249
shove,541,3,1250
hers,538,3,1251
master,538,3,1252
odd,538,3,1253
seek,538,3,1254
simple,538,3,1255
sweep,538,3,1256
despite,535,3,1257
enemy,535,3,1258
season,535,3,1259
cast,532,3,1260
everywhere,532,3,1261
radio,532,3,1262
snake,532,3,1263
sweat,532,3,1264
worm,532,3,1265
final,529,3,1266
heel,529,3,1267
interest,529,3,1268
pat,529,3,1269
shift,529,3,1270
swear,529,3,1271
effort,526,3,1272
fence,526,3,1273
football,526,3,1274
hesitate,526,3,1275
round,526,3,1276
size,526,3,1277
truly,526,3,1278
twist,526,3,1279
weird,526,3,1280
accident,523,3,1281
crawl,523,3,1282
drug,523,3,1283
pop,523,3,1284
button,520,3,1285
camera,520,3,1286
joke,520,3,1287
library,520,3,1288
machine,520,3,1289
rat,520,3,1290
sheet,520,3,1291
west,520,3,1292
worker,520,3,1293
workers,520,3,1294
argue,516,3,1295
bridge,516,3,1296
information,516,3,1297
monster,516,3,1298
pray,516,3,1299
soccer,516,3,1300
sport,516,3,1301
worth,516,3,1302
mission,513,3,1303
slow,513,3,1304
worried,513,3,1305
definitely,510,3,1306
hotel,510,3,1307
tough,510,3,1308
wise,510,3,1309
vision,507,3,1310
action,504,3,1311
avoid,504,3,1312
bat,504,3,1313
forehead,504,3,1314
glove,504,3,1315
goat,504,3,1316
palm,504,3,1317
seed,504,3,1318
seeds,504,3,1319
smoke,504,3,1320
uh,504,3,1321
valley,504,3,1322
weekend,504,3,1323
apple,501,3,1324
eyebrow,501,3,1325
interested,501,3,1326
lower,501,3,1327
queen,501,3,1328
sword,501,3,1329
attend,498,3,1330
peace,498,3,1331
toe,498,3,1332
used,498,3,1333
relax,495,3,1334
bounce,492,3,1335
celebrate,492,3,1336
club,492,3,1337
sheep,492,3,1338
surround,492,3,1339
wander,492,3,1340
honor,488,3,1341
mark,488,3,1342
tuck,488,3,1343
base,485,3,1344
park,485,3,1345
personal,485,3,1346
plastic,485,3,1347
taste,485,3,1348
buck,482,3,1349
clock,482,3,1350
danger,482,3,1351
dish,482,3,1352
fortune,482,3,1353
interrupt,482,3,1354
jaw,482,3,1355
march,482,3,1356
meal,482,3,1357
report,482,3,1358
survive,482,3,1359
anybody,479,3,1360
broken,479,3,1361
image,479,3,1362
private,479,3,1363
protest,479,3,1364
stream,479,3,1365
float,476,3,1366
island,476,3,1367
perfectly,476,3,1368
awful,473,3,1369
complain,473,3,1370
pond,473,3,1371
reading,473,3,1372
release,473,3,1373
ruin,473,3,1374
sail,473,3,1375
unless,473,3,1376
flight,470,3,1377
handle,470,3,1378
laughter,470,3,1379
magic,470,3,1380
mystery,470,3,1381
partner,470,3,1382
plenty,470,3,1383
treasure,470,3,1384
fold,467,3,1385
fool,467,3,1386
journey,467,3,1387
poke,467,3,1388
quit,467,3,1389
situation,467,3,1390
sneak,467,3,1391
whom,467,3,1392
attack,464,3,1393
bare,464,3,1394
desert,464,3,1395
freedom,464,3,1396
including,464,3,1397
normal,464,3,1398
rider,464,3,1399
scent,464,3,1400
skill,464,3,1401
upset,464,3,1402
weather,464,3,1403
anywhere,460,3,1404
excitement,460,3,1405
kneel,460,3,1406
nurse,460,3,1407
skirt,460,3,1408
stir,460,3,1409
sudden,460,3,1410
weapon,460,3,1411
blond,457,3,1412
bucket,457,3,1413
hip,457,3,1414
lawyer,457,3,1415
purple,457,3,1416
welcome,457,3,1417
writing,457,3,1418
apart,454,3,1419
claim,454,3,1420
cook,454,3,1421
declare,454,3,1422
muscle,454,3,1423
record,454,3,1424
shock,454,3,1425
warning,454,3,1426
fade,451,3,1427
fur,451,3,1428
interesting,451,3,1429
cheer,448,3,1430
easily,448,3,1431
mud,448,3,1432
net,448,3,1433
painting,448,3,1434
sentence,448,3,1435
smooth,448,3,1436
deliver,445,3,1437
excuse,445,3,1438
future,445,3,1439
jeans,445,3,1440
movement,445,3,1441
whenever,445,3,1442
agent,442,3,1443
impossible,442,3,1444
patch,442,3,1445
scare,442,3,1446
towel,442,3,1447
o'clock,439,3,1448
relief,439,3,1449
sidewalk,439,3,1450
earn,436,3,1451
focus,436,3,1452
gym,436,3,1453
loose,436,3,1454
usual,436,3,1455
ceiling,432,3,1456
contest,432,3,1457
upstairs,432,3,1458
extra,429,3,1459
fifty,429,3,1460
junior,429,3,1461
obviously,429,3,1462
subject,429,3,1463
ugly,429,3,1464
chain,426,3,1465
closet,426,3,1466
entrance,426,3,1467
hire,426,3,1468
mess,426,3,1469
totally,426,3,1470
waist,426,3,1471
awake,423,3,1472
bean,423,3,1473
couch,423,3,1474
plane,423,3,1475
scratch,423,3,1476
tent,423,3,1477
wrist,423,3,1478
adventure,420,3,1479
meanwhile,420,3,1480
pant,420,3,1481
beginning,417,3,1482
cabin,417,3,1483
describe,417,3,1484
difference,417,3,1485
drift,417,3,1486
forth,417,3,1487
fourth,417,3,1488
giant,417,3,1489
meat,417,3,1490
bow,414,3,1491
captain,414,3,1492
duty,414,3,1493
experience,414,3,1494
gentle,414,3,1495
neither,414,3,1496
pet,414,3,1497
sock,414,3,1498
vote,414,3,1499
effect,411,3,1500
fruit,411,3,1501
lonely,411,3,1502
pleasure,411,3,1503
shelf,411,3,1504
stage,411,3,1505
suffer,411,3,1506
ladder,408,3,1507
reveal,408,3,1508
balloon,404,3,1509
bunch,404,3,1510
scramble,404,3,1511
slap,404,3,1512
television,404,3,1513
tray,404,3,1514
bill,401,3,1515
dawn,401,3,1516
flame,401,3,1517
friendly,401,3,1518
pleased,401,3,1519
possibly,401,3,1520
potato,401,3,1521
presence,401,3,1522
respond,401,3,1523
shelter,401,3,1524
suck,401,3,1525
toy,401,3,1526
carve,398,3,1527
companion,398,3,1528
dirty,398,3,1529
flip,398,3,1530
mix,398,3,1531
solve,398,3,1532
speech,398,3,1533
support,398,3,1534
tight,398,3,1535
flat,395,3,1536
greet,395,3,1537
uniform,395,3,1538
breast,392,3,1539
cloth,392,3,1540
curtain,392,3,1541
rough,392,3,1542
troop,392,3,1543
wagon,392,3,1544
advice,389,3,1545
amazing,389,3,1546
blame,389,3,1547
garage,389,3,1548
greatest,389,3,1549
horror,389,3,1550
sleeve,389,3,1551
whip,389,3,1552
candy,386,3,1553
century,386,3,1554
directly,386,3,1555
duck,386,3,1556
lap,386,3,1557
lawn,386,3,1558
professor,386,3,1559
commander,383,3,1560
crack,383,3,1561
east,383,3,1562
forgive,383,3,1563
magazine,383,3,1564
manner,383,3,1565
pillow,383,3,1566
root,383,3,1567
string,383,3,1568
surface,383,3,1569
type,383,3,1570
belly,380,3,1571
collect,380,3,1572
concerned,380,3,1573
cream,380,3,1574
cute,380,3,1575
fifteen,380,3,1576
mostly,380,3,1577
photo,380,3,1578
project,380,3,1579
calm,376,3,1580
discuss,376,3,1581
instant,376,3,1582
staff,376,3,1583
aware,373,3,1584
following,373,3,1585
hero,373,3,1586
knowledge,373,3,1587
medicine,373,3,1588
ocean,373,3,1589
recall,373,3,1590
someday,373,3,1591
tip,373,3,1592
vegetable,373,3,1593
beast,370,3,1594
evil,370,3,1595
examine,370,3,1596
grip,370,3,1597
happily,370,3,1598
homework,370,3,1599
horrible,370,3,1600
huh,370,3,1601
pine,370,3,1602
post,370,3,1603
restaurant,370,3,1604
sandwich,370,3,1605
arrow,367,3,1606
chew,367,3,1607
civil,367,3,1608
map,367,3,1609
object,367,3,1610
absolutely,364,3,1611
blade,364,3,1612
brave,364,3,1613
cap,364,3,1614
costume,364,3,1615
flee,364,3,1616
frame,364,3,1617
joy,364,3,1618
popular,364,3,1619
scatter,364,3,1620
spit,364,3,1621
system,364,3,1622
teen,364,3,1623
thinking,364,3,1624
apparently,361,3,1625
breeze,361,3,1626
charge,361,3,1627
chief,361,3,1628
crash,361,3,1629
match,361,3,1630
sugar,361,3,1631
suspect,361,3,1632
trick,361,3,1633
twelve,361,3,1634
arrest,358,3,1635
assure,358,3,1636
clothing,358,3,1637
director,358,3,1638
fat,358,3,1639
include,358,3,1640
nearby,358,3,1641
president,358,3,1642
title,358,3,1643
birth,355,3,1644
blind,355,3,1645
gang,355,3,1646
hunt,355,3,1647
pride,355,3,1648
relationship,355,3,1649
sack,355,3,1650
stumble,355,3,1651
sunlight,355,3,1652
bullet,352,3,1653
central,352,3,1654
grave,352,3,1655
national,352,3,1656
nowhere,352,3,1657
sacred,352,3,1658
straw,352,3,1659
trunk,352,3,1660
van,352,3,1661
cheese,348,3,1662
curious,348,3,1663
determine,348,3,1664
doubt,348,3,1665
feature,348,3,1666
horn,348,3,1667
likely,348,3,1668
natural,348,3,1669
provide,348,3,1670
social,348,3,1671
straighten,348,3,1672
admire,345,3,1673
crime,345,3,1674
nature,345,3,1675
parking,345,3,1676
rid,345,3,1677
safety,345,3,1678
waste,345,3,1679
customer,342,3,1680
diary,342,3,1681
goal,342,3,1682
married,342,3,1683
merchant,342,3,1684
purpose,342,3,1685
rebel,342,3,1686
require,342,3,1687
spill,342,3,1688
statue,342,3,1689
tape,342,3,1690
threaten,342,3,1691
tightly,342,3,1692
wound,342,3,1693
arrange,339,3,1694
audience,339,3,1695
citizen,339,3,1696
common,339,3,1697
crew,339,3,1698
deserve,339,3,1699
elbow,339,3,1700
firmly,339,3,1701
impress,339,3,1702
indian,339,3,1703
pen,339,3,1704
pencil,339,3,1705
quarter,339,3,1706
tap,339,3,1707
badly,336,3,1708
belt,336,3,1709
bind,336,3,1710
eventually,336,3,1711
faith,336,3,1712
helmet,336,3,1713
opportunity,336,3,1714
prison,336,3,1715
property,336,3,1716
seize,336,3,1717
theater,336,3,1718
tool,336,3,1719
tools,336,3,1720
capture,333,3,1721
condition,333,3,1722
conditions,333,3,1723
exist,333,3,1724
guilty,333,3,1725
intend,333,3,1726
math,333,3,1727
pattern,333,3,1728
thirty,333,3,1729
ticket,333,3,1730
adult,330,3,1731
beard,330,3,1732
boss,330,3,1733
bug,330,3,1734
career,330,3,1735
chamber,330,3,1736
echo,330,3,1737
english,330,3,1738
holy,330,3,1739
proper,330,3,1740
supply,330,3,1741
cage,327,3,1742
cart,327,3,1743
convince,327,3,1744
cottage,327,3,1745
fishing,327,3,1746
flag,327,3,1747
grand,327,3,1748
lightning,327,3,1749
museum,327,3,1750
opening,327,3,1751
slight,327,3,1752
soup,327,3,1753
tend,327,3,1754
appreciate,324,3,1755
clue,324,3,1756
france,324,3,1757
french,324,3,1758
lamp,324,3,1759
monkey,324,3,1760
otherwise,324,3,1761
package,324,3,1762
prize,324,3,1763
shade,324,3,1764
understanding,324,3,1765
beer,320,3,1766
deer,320,3,1767
drawer,320,3,1768
girlfriend,320,3,1769
level,320,3,1770
log,320,3,1771
security,320,3,1772
square,320,3,1773
vanish,320,3,1774
activity,317,3,1775
afford,317,3,1776
assume,317,3,1777
behavior,317,3,1778
bubble,317,3,1779
explode,317,3,1780
juice,317,3,1781
pie,317,3,1782
pizza,317,3,1783
precious,317,3,1784
prisoner,317,3,1785
response,317,3,1786
sweater,317,3,1787
tighten,317,3,1788
wow,317,3,1789
alarm,314,3,1790
boyfriend,314,3,1791
ceremony,314,3,1792
cluster,314,3,1793
ease,314,3,1794
fellow,314,3,1795
ill,314,3,1796
nest,314,3,1797
notebook,314,3,1798
replace,314,3,1799
rocket,314,3,1800
urge,314,3,1801
being,311,3,1802
broad,311,3,1803
concentrate,311,3,1804
holiday,311,3,1805
military,311,3,1806
oil,311,3,1807
orange,311,3,1808
planet,311,3,1809
planets,311,3,1810
science,311,3,1811
emotion,308,3,1812
enormous,308,3,1813
lung,308,3,1814
ought,308,3,1815
rip,308,3,1816
threat,308,3,1817
according,305,3,1818
cliff,305,3,1819
concern,305,3,1820
corridor,305,3,1821
courage,305,3,1822
distant,305,3,1823
energy,305,3,1824
faint,305,3,1825
fan,305,3,1826
melt,305,3,1827
mysterious,305,3,1828
nail,305,3,1829
necessary,305,3,1830
scan,305,3,1831
t-shirt,305,3,1832
willing,305,3,1833
wine,305,3,1834
clever,302,3,1835
comfortable,302,3,1836
community,302,3,1837
cotton,302,3,1838
deeply,302,3,1839
dining,302,3,1840
dip,302,3,1841
fabric,302,3,1842
gain,302,3,1843
judge,302,3,1844
seriously,302,3,1845
shore,302,3,1846
backyard,299,3,1847
bake,299,3,1848
banana,299,3,1849
brilliant,299,3,1850
challenge,299,3,1851
collar,299,3,1852
estate,299,3,1853
god,299,3,1854
load,299,3,1855
murder,299,3,1856
visitor,299,3,1857
command,296,3,1858
cop,296,3,1859
lately,296,3,1860
nightmare,296,3,1861
perform,296,3,1862
pitch,296,3,1863
public,296,3,1864
site,296,3,1865
skip,296,3,1866
boring,292,3,1867
brick,292,3,1868
classroom,292,3,1869
complete,292,3,1870
height,292,3,1871
introduce,292,3,1872
solid,292,3,1873
vacation,292,3,1874
carpet,289,3,1875
cling,289,3,1876
driveway,289,3,1877
jail,289,3,1878
market,289,3,1879
midnight,289,3,1880
nut,289,3,1881
plead,289,3,1882
price,289,3,1883
respect,289,3,1884
ridiculous,289,3,1885
section,289,3,1886
unfortunately,289,3,1887
victory,289,3,1888
ankle,286,3,1889
clerk,286,3,1890
fate,286,3,1891
practically,286,3,1892
sake,286,3,1893
scary,286,3,1894
score,286,3,1895
spanish,286,3,1896
article,283,3,1897
brass,283,3,1898
halfway,283,3,1899
handful,283,3,1900
haul,283,3,1901
jar,283,3,1902
regular,283,3,1903
bath,280,3,1904
defend,280,3,1905
gas,280,3,1906
grateful,280,3,1907
ha,280,3,1908
invisible,280,3,1909
lost,280,3,1910
opinion,280,3,1911
poem,280,3,1912
spell,280,3,1913
talent,280,3,1914
trade,280,3,1915
trap,280,3,1916
appearance,277,3,1917
chip,277,3,1918
disappointed,277,3,1919
emerge,277,3,1920
engine,277,3,1921
favor,277,3,1922
female,277,3,1923
mood,277,3,1924
nation,277,3,1925
passage,277,3,1926
rumor,277,3,1927
teenager,277,3,1928
brief,274,3,1929
closely,274,3,1930
cost,274,3,1931
deck,274,3,1932
habit,274,3,1933
poet,274,3,1934
reputation,274,3,1935
ribbon,274,3,1936
shell,274,3,1937
account,271,3,1938
drown,271,3,1939
dump,271,3,1940
fantasy,271,3,1941
hunter,271,3,1942
invitation,271,3,1943
lab,271,3,1944
native,271,3,1945
official,271,3,1946
plain,271,3,1947
plains,271,3,1948
prayer,271,3,1949
prefer,271,3,1950
series,271,3,1951
shame,271,3,1952
tune,271,3,1953
abandon,268,3,1954
childhood,268,3,1955
compare,268,3,1956
dumb,268,3,1957
exciting,268,3,1958
expensive,268,3,1959
grain,268,3,1960
original,268,3,1961
pole,268,3,1962
royal,268,3,1963
society,268,3,1964
southern,268,3,1965
term,268,3,1966
winner,268,3,1967
butter,264,3,1968
contain,264,3,1969
elephant,264,3,1970
envelope,264,3,1971
massive,264,3,1972
medical,264,3,1973
missing,264,3,1974
oak,264,3,1975
period,264,3,1976
ranch,264,3,1977
register,264,3,1978
sofa,264,3,1979
task,264,3,1980
walking,264,3,1981
degree,261,3,1982
design,261,3,1983
desire,261,3,1984
fifth,261,3,1985
film,261,3,1986
manager,261,3,1987
rescue,261,3,1988
responsibility,261,3,1989
slope,261,3,1990
switch,261,3,1991
uncomfortable,261,3,1992
writer,261,3,1993
zero,261,3,1994
angel,258,3,1995
borrow,258,3,1996
click,258,3,1997
copy,258,3,1998
cruel,258,3,1999
delicate,258,3,2000
desperate,258,3,2001
former,258,3,2002
jungle,258,3,2003
kit,258,3,2004
marble,258,3,2005
meaning,258,3,2006
novel,258,3,2007
obvious,258,3,2008
purse,258,3,2009
risk,258,3,2010
shower,258,3,2011
traffic,258,3,2012
alley,255,3,2013
butterfly,255,3,2014
entirely,255,3,2015
grant,255,3,2016
issue,255,3,2017
kingdom,255,3,2018
length,255,3,2019
occur,255,3,2020
owe,255,3,2021
priest,255,3,2022
steel,255,3,2023
till,255,3,2024
tribe,255,3,2025
argument,252,3,2026
carrot,252,3,2027
example,252,3,2028
exercise,252,3,2029
hint,252,3,2030
legend,252,3,2031
motion,252,3,2032
success,252,3,2033
sunny,252,3,2034
ability,249,3,2035
afterward,249,3,2036
attach,249,3,2037
bolt,249,3,2038
delicious,249,3,2039
eager,249,3,2040
opposite,249,3,2041
pace,249,3,2042
permission,249,3,2043
protection,249,3,2044
succeed,249,3,2045
trash,249,3,2046
collection,246,3,2047
confuse,246,3,2048
embarrassed,246,3,2049
flow,246,3,2050
honest,246,3,2051
hunting,246,3,2052
loss,246,3,2053
male,246,3,2054
pit,246,3,2055
professional,246,3,2056
responsible,246,3,2057
seal,246,3,2058
stack,246,3,2059
teammate,246,3,2060
address,243,3,2061
adjust,243,3,2062
basement,243,3,2063
competition,243,3,2064
depend,243,3,2065
double,243,3,2066
dough,243,3,2067
explore,243,3,2068
involve,243,3,2069
northern,243,3,2070
operation,243,3,2071
pitcher,243,3,2072
punch,243,3,2073
recover,243,3,2074
unable,243,3,2075
video,243,3,2076
content,240,3,2077
defense,240,3,2078
identify,240,3,2079
instantly,240,3,2080
resist,240,3,2081
steady,240,3,2082
throughout,240,3,2083
victim,240,3,2084
workout,240,3,2085
aisle,236,3,2086
assistant,236,3,2087
chill,236,3,2088
closer,236,3,2089
curve,236,3,2090
drawing,236,3,2091
grocery,236,3,2092
household,236,3,2093
item,236,3,2094
model,236,3,2095
produce,236,3,2096
program,236,3,2097
quality,236,3,2098
stiff,236,3,2099
style,236,3,2100
youth,236,3,2101
assignment,233,3,2102
barrier,233,3,2103
bull,233,3,2104
diamond,233,3,2105
forty,233,3,2106
killer,233,3,2107
lack,233,3,2108
lid,233,3,2109
nerve,233,3,2110
pure,233,3,2111
request,233,3,2112
ass,230,3,2113
flesh,230,3,2114
gear,230,3,2115
guide,230,3,2116
innocent,230,3,2117
merely,230,3,2118
needle,230,3,2119
panic,230,3,2120
reaction,230,3,2121
standing,230,3,2122
thumb,230,3,2123
bee,227,3,2124
bitter,227,3,2125
channel,227,3,2126
code,227,3,2127
correct,227,3,2128
dried,227,3,2129
fierce,227,3,2130
gesture,227,3,2131
heavily,227,3,2132
naked,227,3,2133
nasty,227,3,2134
range,227,3,2135
senior,227,3,2136
soak,227,3,2137
warmth,227,3,2138
apologize,224,3,2139
arrival,224,3,2140
attitude,224,3,2141
border,224,3,2142
due,224,3,2143
entry,224,3,2144
historian,224,3,2145
impression,224,3,2146
lightly,224,3,2147
limb,224,3,2148
lover,224,3,2149
piano,224,3,2150
pin,224,3,2151
running,224,3,2152
salt,224,3,2153
tank,224,3,2154
wire,224,3,2155
affair,221,3,2156
champion,221,3,2157
equipment,221,3,2158
herb,221,3,2159
miracle,221,3,2160
passenger,221,3,2161
reflect,221,3,2162
training,221,3,2163
weigh,221,3,2164
wherever,221,3,2165
aim,218,3,2166
beam,218,3,2167
bicycle,218,3,2168
confidence,218,3,2169
crystal,218,3,2170
elegant,218,3,2171
fever,218,3,2172
general,218,3,2173
harm,218,3,2174
inform,218,3,2175
makeup,218,3,2176
observe,218,3,2177
particularly,218,3,2178
plot,218,3,2179
pressure,218,3,2180
punish,218,3,2181
refer,218,3,2182
result,218,3,2183
sharply,218,3,2184
turkey,218,3,2185
unit,218,3,2186
balance,215,3,2187
buddy,215,3,2188
collapse,215,3,2189
contract,215,3,2190
editor,215,3,2191
growing,215,3,2192
occasion,215,3,2193
ourselves,215,3,2194
oven,215,3,2195
peanut,215,3,2196
pleasant,215,3,2197
separate,215,3,2198
setting,215,3,2199
spare,215,3,2200
split,215,3,2201
tire,215,3,2202
upper,215,3,2203
bride,212,3,2204
grasp,212,3,2205
hook,212,3,2206
imagination,212,3,2207
laundry,212,3,2208
locate,212,3,2209
located,212,3,2210
mail,212,3,2211
noon,212,3,2212
physical,212,3,2213
rare,212,3,2214
reality,212,3,2215
spine,212,3,2216
tomato,212,3,2217
total,212,3,2218
trial,212,3,2219
tunnel,212,3,2220
violence,212,3,2221
anxious,208,3,2222
artist,208,3,2223
cash,208,3,2224
client,208,3,2225
comment,208,3,2226
contact,208,3,2227
county,208,3,2228
distract,208,3,2229
eleven,208,3,2230
exchange,208,3,2231
firm,208,3,2232
horizon,208,3,2233
lion,208,3,2234
mask,208,3,2235
neat,208,3,2236
particular,208,3,2237
possess,208,3,2238
prevent,208,3,2239
retire,208,3,2240
steep,208,3,2241
strain,208,3,2242
wealthy,208,3,2243
average,205,3,2244
bloody,205,3,2245
championship,205,3,2246
curiosity,205,3,2247
damage,205,3,2248
dancing,205,3,2249
decent,205,3,2250
drum,205,3,2251
excellent,205,3,2252
frozen,205,3,2253
funeral,205,3,2254
health,205,3,2255
healthy,205,3,2256
ordinary,205,3,2257
painful,205,3,2258
rage,205,3,2259
terror,205,3,2260
unusual,205,3,2261
attempt,202,3,2262
briefly,202,3,2263
butt,202,3,2264
colony,202,3,2265
crop,202,3,2266
crops,202,3,2267
delight,202,3,2268
evidence,202,3,2269
extend,202,3,2270
fantastic,202,3,2271
friendship,202,3,2272
gut,202,3,2273
helicopter,202,3,2274
independence,202,3,2275
indicate,202,3,2276
principal,202,3,2277
research,202,3,2278
teenage,202,3,2279
thigh,202,3,2280
various,202,3,2281
whoever,202,3,2282
ad,199,3,2283
bore,199,3,2284
discussion,199,3,2285
flour,199,3,2286
generation,199,3,2287
graduate,199,3,2288
grief,199,3,2289
mansion,199,3,2290
mass,199,3,2291
patience,199,3,2292
pill,199,3,2293
pipe,199,3,2294
relative,199,3,2295
rib,199,3,2296
route,199,3,2297
safely,199,3,2298
strip,199,3,2299
detective,196,3,2300
develop,196,3,2301
emergency,196,3,2302
encourage,196,3,2303
explanation,196,3,2304
fashion,196,3,2305
furniture,196,3,2306
harsh,196,3,2307
humor,196,3,2308
inner,196,3,2309
insect,196,3,2310
insects,196,3,2311
launch,196,3,2312
liquid,196,3,2313
material,196,3,2314
pilot,196,3,2315
prime,196,3,2316
process,196,3,2317
refrigerator,196,3,2318
secretary,196,3,2319
studio,196,3,2320
value,196,3,2321
vast,196,3,2322
widow,196,3,2323
background,193,3,2324
charm,193,3,2325
confident,193,3,2326
construction,193,3,2327
factories,193,3,2328
factory,193,3,2329
fighting,193,3,2330
garbage,193,3,2331
hidden,193,3,2332
inspector,193,3,2333
peaceful,193,3,2334
sale,193,3,2335
scope,193,3,2336
signal,193,3,2337
tissue,193,3,2338
wealth,193,3,2339
advantage,190,3,2340
combination,190,3,2341
decorate,190,3,2342
file,190,3,2343
mount,190,3,2344
patient,190,3,2345
possibility,190,3,2346
recently,190,3,2347
shorts,190,3,2348
sixth,190,3,2349
thread,190,3,2350
weave,190,3,2351
barrel,187,3,2352
coast,187,3,2353
drunk,187,3,2354
fragment,187,3,2355
glory,187,3,2356
mate,187,3,2357
policeman,187,3,2358
portrait,187,3,2359
reader,187,3,2360
slice,187,3,2361
temple,187,3,2362
weed,187,3,2363
agreement,184,3,2364
behave,184,3,2365
beloved,184,3,2366
bless,184,3,2367
burning,184,3,2368
column,184,3,2369
crush,184,3,2370
desperately,184,3,2371
harmony,184,3,2372
instinct,184,3,2373
lobby,184,3,2374
mall,184,3,2375
mayor,184,3,2376
skull,184,3,2377
stable,184,3,2378
telephone,184,3,2379
advise,180,3,2380
alcohol,180,3,2381
alien,180,3,2382
cheat,180,3,2383
clay,180,3,2384
defeat,180,3,2385
deny,180,3,2386
disaster,180,3,2387
display,180,3,2388
elevator,180,3,2389
e-mail,180,3,2390
generous,180,3,2391
governor,180,3,2392
interview,180,3,2393
journal,180,3,2394
landing,180,3,2395
normally,180,3,2396
reflection,180,3,2397
runner,180,3,2398
stove,180,3,2399
apply,177,3,2400
cabinet,177,3,2401
cemetery,177,3,2402
circumstance,177,3,2403
direct,177,3,2404
dismiss,177,3,2405
education,177,3,2406
heal,177,3,2407
hunger,177,3,2408
inspire,177,3,2409
lane,177,3,2410
layer,177,3,2411
occupy,177,3,2412
outer,177,3,2413
pickup,177,3,2414
plunge,177,3,2415
pregnant,177,3,2416
remote,177,3,2417
rifle,177,3,2418
scientist,177,3,2419
scientists,177,3,2420
sphere,177,3,2421
swimming,177,3,2422
tradition,177,3,2423
acknowledge,174,3,2424
bay,174,3,2425
cheap,174,3,2426
deadly,174,3,2427
endless,174,3,2428
highway,174,3,2429
league,174,3,2430
passion,174,3,2431
powder,174,3,2432
recent,174,3,2433
regret,174,3,2434
relieve,174,3,2435
represent,174,3,2436
reward,174,3,2437
similar,174,3,2438
ski,174,3,2439
thanksgiving,174,3,2440
tour,174,3,2441
vehicle,174,3,2442
airport,171,3,2443
apology,171,3,2444
attractive,171,3,2445
belief,171,3,2446
breathing,171,3,2447
comfort,171,3,2448
dancer,171,3,2449
department,171,3,2450
disappointment,171,3,2451
elderly,171,3,2452
equal,171,3,2453
fog,171,3,2454
guitar,171,3,2455
harvest,171,3,2456
hockey,171,3,2457
instruction,171,3,2458
intense,171,3,2459
involved,171,3,2460
medal,171,3,2461
peak,171,3,2462
raw,171,3,2463
self,171,3,2464
seventh,171,3,2465
shy,171,3,2466
solution,171,3,2467
statement,171,3,2468
swell,171,3,2469
tension,171,3,2470
valuable,171,3,2471
version,171,3,2472
accompany,168,3,2473
cattle,168,3,2474
commit,168,3,2475
connect,168,3,2476
crowded,168,3,2477
disease,168,3,2478
eating,168,3,2479
fighter,168,3,2480
glimpse,168,3,2481
intelligence,168,3,2482
lecture,168,3,2483
mere,168,3,2484
outfit,168,3,2485
pan,168,3,2486
publish,168,3,2487
spite,168,3,2488
unexpected,168,3,2489
authority,165,3,2490
disturb,165,3,2491
golf,165,3,2492
happiness,165,3,2493
improve,165,3,2494
judgment,165,3,2495
labor,165,3,2496
loser,165,3,2497
mental,165,3,2498
peel,165,3,2499
platform,165,3,2500
slavery,165,3,2501
spy,165,3,2502
stroke,165,3,2503
super,165,3,2504
unhappy,165,3,2505
zone,165,3,2506
adopt,162,3,2507
amount,162,3,2508
closed,162,3,2509
council,162,3,2510
device,162,3,2511
pump,162,3,2512
railroad,162,3,2513
remark,162,3,2514
ridge,162,3,2515
schedule,162,3,2516
soar,162,3,2517
toilet,162,3,2518
false,162,3,2519
accent,159,3,2520
accuse,159,3,2521
actor,159,3,2522
angle,159,3,2523
counselor,159,3,2524
divide,159,3,2525
divided,159,3,2526
divorce,159,3,2527
dock,159,3,2528
engage,159,3,2529
exit,159,3,2530
expert,159,3,2531
guilt,159,3,2532
jewelry,159,3,2533
modern,159,3,2534
print,159,3,2535
printed,159,3,2536
scale,159,3,2537
sheer,159,3,2538
source,159,3,2539
steam,159,3,2540
tide,159,3,2541
typical,159,3,2542
withdraw,159,3,2543
announcement,156,3,2544
available,156,3,2545
blessing,156,3,2546
discovery,156,3,2547
explosion,156,3,2548
photographer,156,3,2549
political,156,3,2550
pulse,156,3,2551
pursue,156,3,2552
rarely,156,3,2553
regard,156,3,2554
remaining,156,3,2555
secure,156,3,2556
session,156,3,2557
shallow,156,3,2558
soap,156,3,2559
tourist,156,3,2560
trim,156,3,2561
tube,156,3,2562
wheat,156,3,2563
appointment,152,3,2564
atop,152,3,2565
attract,152,3,2566
confusion,152,3,2567
descend,152,3,2568
essay,152,3,2569
gathering,152,3,2570
greek,152,3,2571
occasionally,152,3,2572
organize,152,3,2573
peasant,152,3,2574
photograph,152,3,2575
previous,152,3,2576
punishment,152,3,2577
rank,152,3,2578
react,152,3,2579
vessel,152,3,2580
accomplish,149,3,2581
ancestor,149,3,2582
capital,149,3,2583
dessert,149,3,2584
extremely,149,3,2585
flood,149,3,2586
forbid,149,3,2587
headache,149,3,2588
lifetime,149,3,2589
naturally,149,3,2590
pepper,149,3,2591
poster,149,3,2592
precisely,149,3,2593
rack,149,3,2594
spoon,149,3,2595
sprinkle,149,3,2596
tender,149,3,2597
thus,149,3,2598
volunteer,149,3,2599
western,149,3,2600
celebration,146,3,2601
congress,146,3,2602
connection,146,3,2603
current,146,3,2604
determination,146,3,2605
flying,146,3,2606
frustration,146,3,2607
minister,146,3,2608
onion,146,3,2609
persuade,146,3,2610
possession,146,3,2611
proof,146,3,2612
rapidly,146,3,2613
resident,146,3,2614
rim,146,3,2615
robot,146,3,2616
romantic,146,3,2617
satisfaction,146,3,2618
scholarship,146,3,2619
sin,146,3,2620
tennis,146,3,2621
tragedy,146,3,2622
unlike,146,3,2623
wisdom,146,3,2624
witness,146,3,2625
adviser,143,3,2626
agency,143,3,2627
approve,143,3,2628
await,143,3,2629
blast,143,3,2630
chunk,143,3,2631
cure,143,3,2632
deliberately,143,3,2633
document,143,3,2634
expose,143,3,2635
foreign,143,3,2636
fully,143,3,2637
gap,143,3,2638
grace,143,3,2639
grape,143,3,2640
highly,143,3,2641
incident,143,3,2642
pad,143,3,2643
salad,143,3,2644
somewhat,143,3,2645
streak,143,3,2646
supreme,143,3,2647
suspicion,143,3,2648
suspicious,143,3,2649
target,143,3,2650
terribly,143,3,2651
topic,143,3,2652
anniversary,140,3,2653
ash,140,3,2654
attorney,140,3,2655
chinese,140,3,2656
conference,140,3,2657
constantly,140,3,2658
credit,140,3,2659
devil,140,3,2660
graduation,140,3,2661
instrument,140,3,2662
instruments,140,3,2663
intelligent,140,3,2664
interfere,140,3,2665
loop,140,3,2666
opponent,140,3,2667
overlook,140,3,2668
payment,140,3,2669
rent,140,3,2670
satisfy,140,3,2671
stake,140,3,2672
successful,140,3,2673
trailer,140,3,2674
achieve,137,3,2675
approval,137,3,2676
blank,137,3,2677
cigarette,137,3,2678
coal,137,3,2679
colorful,137,3,2680
debate,137,3,2681
drinking,137,3,2682
express,137,3,2683
genius,137,3,2684
legal,137,3,2685
location,137,3,2686
loyal,137,3,2687
performance,137,3,2688
permit,137,3,2689
pistol,137,3,2690
positive,137,3,2691
rate,137,3,2692
routine,137,3,2693
steer,137,3,2694
stock,137,3,2695
trace,137,3,2696
unfold,137,3,2697
union,137,3,2698
altogether,134,3,2699
arrangement,134,3,2700
boil,134,3,2701
capable,134,3,2702
clinic,134,3,2703
drain,134,3,2704
inherit,134,3,2705
justice,134,3,2706
landscape,134,3,2707
properly,134,3,2708
sauce,134,3,2709
shrink,134,3,2710
tag,134,3,2711
trainer,134,3,2712
visible,134,3,2713
weakness,134,3,2714
africa,131,3,2715
african,131,3,2716
award,131,3,2717
charity,131,3,2718
classic,131,3,2719
closest,131,3,2720
committee,131,3,2721
conclude,131,3,2722
confess,131,3,2723
confirm,131,3,2724
elder,131,3,2725
fairly,131,3,2726
german,131,3,2727
grandchild,131,3,2728
host,131,3,2729
measure,131,3,2730
notion,131,3,2731
phrase,131,3,2732
resemble,131,3,2733
romance,131,3,2734
shortly,131,3,2735
singer,131,3,2736
towards,131,3,2737
adapt,128,3,2738
awkward,128,3,2739
cab,128,3,2740
compete,128,3,2741
conclusion,128,3,2742
confront,128,3,2743
cord,128,3,2744
drill,128,3,2745
employee,128,3,2746
fortunately,128,3,2747
honestly,128,3,2748
impressive,128,3,2749
increase,128,3,2750
invent,128,3,2751
mixture,128,3,2752
musician,128,3,2753
old-fashioned,128,3,2754
personality,128,3,2755
reservation,128,3,2756
resolve,128,3,2757
rolling,128,3,2758
russian,128,3,2759
sensation,128,3,2760
absorb,124,3,2761
athlete,124,3,2762
booth,124,3,2763
constant,124,3,2764
criminal,124,3,2765
custom,124,3,2766
decade,124,3,2767
elementary,124,3,2768
endure,124,3,2769
equally,124,3,2770
historical,124,3,2771
hopefully,124,3,2772
illness,124,3,2773
instruct,124,3,2774
jet,124,3,2775
lend,124,3,2776
region,124,3,2777
relate,124,3,2778
retrieve,124,3,2779
rod,124,3,2780
squad,124,3,2781
structure,124,3,2782
tackle,124,3,2783
tax,124,3,2784
trading,124,3,2785
treatment,124,3,2786
aboard,121,3,2787
ally,121,3,2788
betray,121,3,2789
casual,121,3,2790
chaos,121,3,2791
deputy,121,3,2792
description,121,3,2793
electric,121,3,2794
enthusiasm,121,3,2795
fiber,121,3,2796
influence,121,3,2797
newly,121,3,2798
occasional,121,3,2799
progress,121,3,2800
shopping,121,3,2801
soil,121,3,2802
translate,121,3,2803
universe,121,3,2804
african-american,118,3,2805
anxiety,118,3,2806
benefit,118,3,2807
bomb,118,3,2808
canvas,118,3,2809
cargo,118,3,2810
cooking,118,3,2811
eastern,118,3,2812
exact,118,3,2813
existence,118,3,2814
fuel,118,3,2815
identical,118,3,2816
illegal,118,3,2817
intent,118,3,2818
jewish,118,3,2819
maintain,118,3,2820
missile,118,3,2821
overcome,118,3,2822
practical,118,3,2823
privacy,118,3,2824
resume,118,3,2825
sacrifice,118,3,2826
stem,118,3,2827
therefore,118,3,2828
treaty,118,3,2829
bible,115,3,2830
burden,115,3,2831
compound,115,3,2832
dignity,115,3,2833
eighth,115,3,2834
exception,115,3,2835
expense,115,3,2836
fork,115,3,2837
freshman,115,3,2838
gradually,115,3,2839
hearing,115,3,2840
hike,115,3,2841
homeless,115,3,2842
incredible,115,3,2843
infant,115,3,2844
intention,115,3,2845
purchase,115,3,2846
recipe,115,3,2847
religious,115,3,2848
soften,115,3,2849
starting,115,3,2850
suppress,115,3,2851
surgery,115,3,2852
surprisingly,115,3,2853
violent,115,3,2854
amid,112,3,2855
arise,112,3,2856
campaign,112,3,2857
campus,112,3,2858
cancer,112,3,2859
concert,112,3,2860
diet,112,3,2861
difficulty,112,3,2862
experiment,112,3,2863
failure,112,3,2864
japanese,112,3,2865
joint,112,3,2866
lens,112,3,2867
myth,112,3,2868
offense,112,3,2869
ours,112,3,2870
population,112,3,2871
port,112,3,2872
predict,112,3,2873
prompt,112,3,2874
rail,112,3,2875
rhythm,112,3,2876
screw,112,3,2877
shooting,112,3,2878
standard,112,3,2879
status,112,3,2880
steadily,112,3,2881
temperature,112,3,2882
territory,112,3,2883
university,112,3,2884
voting,112,3,2885
whale,112,3,2886
airplane,109,3,2887
alike,109,3,2888
armed,109,3,2889
atmosphere,109,3,2890
cancel,109,3,2891
cease,109,3,2892
creation,109,3,2893
element,109,3,2894
elements,109,3,2895
embrace,109,3,2896
entertain,109,3,2897
introduction,109,3,2898
irish,109,3,2899
license,109,3,2900
literary,109,3,2901
media,109,3,2902
minor,109,3,2903
prospect,109,3,2904
provision,109,3,2905
restore,109,3,2906
rubber,109,3,2907
sometime,109,3,2908
spray,109,3,2909
sympathy,109,3,2910
useful,109,3,2911
absolute,106,3,2912
bold,106,3,2913
bond,106,3,2914
boom,106,3,2915
brake,106,3,2916
divine,106,3,2917
examination,106,3,2918
federal,106,3,2919
grandparent,106,3,2920
immediate,106,3,2921
parade,106,3,2922
persist,106,3,2923
personally,106,3,2924
preserve,106,3,2925
propose,106,3,2926
scheme,106,3,2927
select,106,3,2928
soviet,106,3,2929
text,106,3,2930
unknown,106,3,2931
brutal,103,3,2932
carrier,103,3,2933
concentration,103,3,2934
consequence,103,3,2935
convention,103,3,2936
delivery,103,3,2937
drama,103,3,2938
dramatic,103,3,2939
entertainment,103,3,2940
exhaust,103,3,2941
faster,103,3,2942
fewer,103,3,2943
formal,103,3,2944
international,103,3,2945
lemon,103,3,2946
mushroom,103,3,2947
operate,103,3,2948
panel,103,3,2949
portion,103,3,2950
producer,103,3,2951
refuge,103,3,2952
remarkable,103,3,2953
repair,103,3,2954
rice,103,3,2955
sibling,103,3,2956
strategy,103,3,2957
suggestion,103,3,2958
survey,103,3,2959
talented,103,3,2960
teaching,103,3,2961
theory,103,3,2962
tournament,103,3,2963
unfortunate,103,3,2964
volume,103,3,2965
aide,100,3,2966
alongside,100,3,2967
appeal,100,3,2968
assembly,100,3,2969
assign,100,3,2970
calendar,100,3,2971
conscience,100,3,2972
daily,100,3,2973
encounter,100,3,2974
engagement,100,3,2975
establish,100,3,2976
fiction,100,3,2977
impact,100,3,2978
incredibly,100,3,2979
investigate,100,3,2980
marker,100,3,2981
meantime,100,3,2982
potential,100,3,2983
saving,100,3,2984
surprising,100,3,2985
surrounding,100,3,2986
uncertain,100,3,2987
variety,100,3,2988
actual,96,3,2989
annual,96,3,2990
architect,96,3,2991
assault,96,3,2992
candidate,96,3,2993
container,96,3,2994
detect,96,3,2995
donate,96,3,2996
election,96,3,2997
hurricane,96,3,2998
internet,96,3,2999
limit,96,3,3000
nevertheless,96,3,3001
plus,96,3,3002
politics,96,3,3003
timber,96,3,3004
transform,96,3,3005
unique,96,3,3006
affect,93,3,3007
anticipate,93,3,3008
appropriate,93,3,3009
businessman,93,3,3010
confession,93,3,3011
considering,93,3,3012
cruise,93,3,3013
differently,93,3,3014
dying,93,3,3015
heritage,93,3,3016
identity,93,3,3017
illustrate,93,3,3018
importance,93,3,3019
investigation,93,3,3020
midst,93,3,3021
musical,93,3,3022
painter,93,3,3023
partly,93,3,3024
patrol,93,3,3025
proclaim,93,3,3026
profit,93,3,3027
regain,93,3,3028
religion,93,3,3029
representative,93,3,3030
resolution,93,3,3031
shark,93,3,3032
steak,93,3,3033
unfair,93,3,3034
application,90,3,3035
assistance,90,3,3036
boast,90,3,3037
combine,90,3,3038
complicated,90,3,3039
contrast,90,3,3040
craft,90,3,3041
culture,90,3,3042
development,90,3,3043
dot,90,3,3044
expectation,90,3,3045
expedition,90,3,3046
fascinating,90,3,3047
festival,90,3,3048
fleet,90,3,3049
guarantee,90,3,3050
headline,90,3,3051
injure,90,3,3052
injury,90,3,3053
invention,90,3,3054
link,90,3,3055
loyalty,90,3,3056
mild,90,3,3057
praise,90,3,3058
rear,90,3,3059
residence,90,3,3060
roman,90,3,3061
senator,90,3,3062
sensitive,90,3,3063
sensor,90,3,3064
severe,90,3,3065
vulnerable,90,3,3066
workshop,90,3,3067
anchor,87,3,3068
bishop,87,3,3069
bulb,87,3,3070
chef,87,3,3071
depression,87,3,3072
disorder,87,3,3073
extraordinary,87,3,3074
fisherman,87,3,3075
gravity,87,3,3076
intensity,87,3,3077
literally,87,3,3078
odds,87,3,3079
option,87,3,3080
oxygen,87,3,3081
pose,87,3,3082
proposal,87,3,3083
random,87,3,3084
reception,87,3,3085
recommend,87,3,3086
suicide,87,3,3087
terrific,87,3,3088
theme,87,3,3089
traditional,87,3,3090
adoption,84,3,3091
brand,84,3,3092
communicate,84,3,3093
complaint,84,3,3094
compose,84,3,3095
crisis,84,3,3096
defender,84,3,3097
downtown,84,3,3098
elaborate,84,3,3099
exam,84,3,3100
exotic,84,3,3101
financial,84,3,3102
gross,84,3,3103
highlight,84,3,3104
invade,84,3,3105
journalist,84,3,3106
learning,84,3,3107
menu,84,3,3108
motor,84,3,3109
passing,84,3,3110
per,84,3,3111
physically,84,3,3112
privilege,84,3,3113
receiver,84,3,3114
sculpture,84,3,3115
seemingly,84,3,3116
seller,84,3,3117
subtle,84,3,3118
access,81,3,3119
aid,81,3,3120
ambition,81,3,3121
assemble,81,3,3122
athletic,81,3,3123
blend,81,3,3124
chart,81,3,3125
christian,81,3,3126
civilization,81,3,3127
concrete,81,3,3128
conflict,81,3,3129
consume,81,3,3130
democratic,81,3,3131
demonstrate,81,3,3132
depth,81,3,3133
destruction,81,3,3134
disturbing,81,3,3135
interior,81,3,3136
leading,81,3,3137
militia,81,3,3138
olympic,81,3,3139
proceed,81,3,3140
realm,81,3,3141
reasonable,81,3,3142
reminder,81,3,3143
shed,81,3,3144
transport,81,3,3145
troubled,81,3,3146
vital,81,3,3147
voter,81,3,3148
works,81,3,3149
absence,78,3,3150
acceptable,78,3,3151
acquire,78,3,3152
casino,78,3,3153
colleague,78,3,3154
commission,78,3,3155
define,78,3,3156
dense,78,3,3157
district,78,3,3158
educate,78,3,3159
elect,78,3,3160
emotional,78,3,3161
executive,78,3,3162
fund,78,3,3163
gallery,78,3,3164
headquarters,78,3,3165
observation,78,3,3166
organ,78,3,3167
politician,78,3,3168
preparation,78,3,3169
principle,78,3,3170
protective,78,3,3171
puzzle,78,3,3172
slot,78,3,3173
specific,78,3,3174
storage,78,3,3175
strict,78,3,3176
suffering,78,3,3177
symbol,78,3,3178
symbols,78,3,3179
tile,78,3,3180
tolerate,78,3,3181
transfer,78,3,3182
uncover,78,3,3183
working,78,3,3184
yield,78,3,3185
actress,75,3,3186
advance,75,3,3187
arena,75,3,3188
bargain,75,3,3189
bronze,75,3,3190
calculate,75,3,3191
cartoon,75,3,3192
conduct,75,3,3193
creative,75,3,3194
democracy,75,3,3195
designer,75,3,3196
frustrate,75,3,3197
generally,75,3,3198
genuine,75,3,3199
globe,75,3,3200
integrate,75,3,3201
literature,75,3,3202
logical,75,3,3203
maker,75,3,3204
moral,75,3,3205
officially,75,3,3206
oppose,75,3,3207
permanent,75,3,3208
poetry,75,3,3209
procedure,75,3,3210
publisher,75,3,3211
recognition,75,3,3212
relation,75,3,3213
resort,75,3,3214
roughly,75,3,3215
scientific,75,3,3216
seldom,75,3,3217
settlement,75,3,3218
starter,75,3,3219
suite,75,3,3220
sum,75,3,3221
therapy,75,3,3222
threshold,75,3,3223
unlikely,75,3,3224
warehouse,75,3,3225
web,75,3,3226
wildlife,75,3,3227
artifact,72,3,3228
assist,72,3,3229
beef,72,3,3230
comparison,72,3,3231
conscious,72,3,3232
convinced,72,3,3233
core,72,3,3234
delay,72,3,3235
depart,72,3,3236
devote,72,3,3237
driving,72,3,3238
fame,72,3,3239
formation,72,3,3240
fragile,72,3,3241
growth,72,3,3242
independent,72,3,3243
initial,72,3,3244
inspiration,72,3,3245
insurance,72,3,3246
laboratory,72,3,3247
method,72,3,3248
modest,72,3,3249
network,72,3,3250
organization,72,3,3251
overwhelm,72,3,3252
participate,72,3,3253
pursuit,72,3,3254
rebuild,72,3,3255
reduce,72,3,3256
reference,72,3,3257
rely,72,3,3258
salmon,72,3,3259
satellite,72,3,3260
scandal,72,3,3261
speaker,72,3,3262
strictly,72,3,3263
substance,72,3,3264
substances,72,3,3265
technique,72,3,3266
tobacco,72,3,3267
tribute,72,3,3268
triumph,72,3,3269
virtue,72,3,3270
weaken,72,3,3271
added,68,3,3272
ambassador,68,3,3273
catholic,68,3,3274
consult,68,3,3275
correspondent,68,3,3276
critical,68,3,3277
currently,68,3,3278
dealer,68,3,3279
disagree,68,3,3280
engineer,68,3,3281
episode,68,3,3282
extreme,68,3,3283
frequently,68,3,3284
helpful,68,3,3285
ingredient,68,3,3286
korean,68,3,3287
mentally,68,3,3288
monitor,68,3,3289
physician,68,3,3290
profile,68,3,3291
radar,68,3,3292
reluctant,68,3,3293
retirement,68,3,3294
ritual,68,3,3295
script,68,3,3296
spectacular,68,3,3297
stress,68,3,3298
submit,68,3,3299
suitable,68,3,3300
summit,68,3,3301
survival,68,3,3302
suspend,68,3,3303
technology,68,3,3304
therapist,68,3,3305
array,65,3,3306
collector,65,3,3307
commitment,65,3,3308
compassion,65,3,3309
correctly,65,3,3310
dedicate,65,3,3311
demonstration,65,3,3312
distinct,65,3,3313
draft,65,3,3314
earthquake,65,3,3315
emphasis,65,3,3316
execute,65,3,3317
expand,65,3,3318
founder,65,3,3319
liver,65,3,3320
management,65,3,3321
motive,65,3,3322
occupation,65,3,3323
olympics,65,3,3324
orbit,65,3,3325
overnight,65,3,3326
poll,65,3,3327
pork,65,3,3328
production,65,3,3329
quote,65,3,3330
radiation,65,3,3331
rapid,65,3,3332
regardless,65,3,3333
reject,65,3,3334
resistance,65,3,3335
retreat,65,3,3336
review,65,3,3337
riot,65,3,3338
salary,65,3,3339
sample,65,3,3340
superior,65,3,3341
vague,65,3,3342
vary,65,3,3343
wheelchair,65,3,3344
youngster,65,3,3345
abuse,62,3,3346
alter,62,3,3347
basically,62,3,3348
changing,62,3,3349
corporate,62,3,3350
custody,62,3,3351
debt,62,3,3352
decline,62,3,3353
definition,62,3,3354
division,62,3,3355
dose,62,3,3356
dutch,62,3,3357
enterprise,62,3,3358
freely,62,3,3359
improvement,62,3,3360
income,62,3,3361
italian,62,3,3362
loan,62,3,3363
mexican,62,3,3364
objective,62,3,3365
obtain,62,3,3366
physics,62,3,3367
precise,62,3,3368
pro,62,3,3369
racism,62,3,3370
reserve,62,3,3371
sales,62,3,3372
species,62,3,3373
timing,62,3,3374
transportation,62,3,3375
active,59,3,3376
admission,59,3,3377
album,59,3,3378
basic,59,3,3379
basis,59,3,3380
bureau,59,3,3381
concede,59,3,3382
criticize,59,3,3383
dam,59,3,3384
data,59,3,3385
debris,59,3,3386
destination,59,3,3387
discipline,59,3,3388
ensure,59,3,3389
error,59,3,3390
fatigue,59,3,3391
frankly,59,3,3392
guidance,59,3,3393
impulse,59,3,3394
instructor,59,3,3395
integration,59,3,3396
intimate,59,3,3397
jury,59,3,3398
mainly,59,3,3399
poverty,59,3,3400
product,59,3,3401
products,59,3,3402
resign,59,3,3403
scholar,59,3,3404
supporter,59,3,3405
telescope,59,3,3406
toll,59,3,3407
ultimately,59,3,3408
ambitious,56,3,3409
apparent,56,3,3410
bulk,56,3,3411
celebrity,56,3,3412
clip,56,3,3413
communication,56,3,3414
concept,56,3,3415
considerably,56,3,3416
contemplate,56,3,3417
context,56,3,3418
convert,56,3,3419
disk,56,3,3420
electricity,56,3,3421
electronic,56,3,3422
elsewhere,56,3,3423
employer,56,3,3424
employment,56,3,3425
entitle,56,3,3426
formula,56,3,3427
ideal,56,3,3428
index,56,3,3429
inevitable,56,3,3430
irony,56,3,3431
liberty,56,3,3432
motivation,56,3,3433
obligation,56,3,3434
openly,56,3,3435
opera,56,3,3436
outline,56,3,3437
priority,56,3,3438
recovery,56,3,3439
regarding,56,3,3440
resource,56,3,3441
signature,56,3,3442
skilled,56,3,3443
striking,56,3,3444
technician,56,3,3445
terrain,56,3,3446
tremendous,56,3,3447
weekly,56,3,3448
widely,56,3,3449
addition,53,3,3450
aluminum,53,3,3451
appoint,53,3,3452
banker,53,3,3453
battery,53,3,3454
budget,53,3,3455
chemical,53,3,3456
chemistry,53,3,3457
combat,53,3,3458
complex,53,3,3459
consist,53,3,3460
continent,53,3,3461
crucial,53,3,3462
deem,53,3,3463
defensive,53,3,3464
depressed,53,3,3465
dissolve,53,3,3466
domestic,53,3,3467
dominate,53,3,3468
ego,53,3,3469
employ,53,3,3470
environment,53,3,3471
europe,53,3,3472
european,53,3,3473
fee,53,3,3474
flavor,53,3,3475
genre,53,3,3476
hence,53,3,3477
importantly,53,3,3478
increasingly,53,3,3479
industry,53,3,3480
inspection,53,3,3481
involvement,53,3,3482
jazz,53,3,3483
label,53,3,3484
monument,53,3,3485
neighboring,53,3,3486
privately,53,3,3487
profession,53,3,3488
prominent,53,3,3489
promising,53,3,3490
promote,53,3,3491
provoke,53,3,3492
qualify,53,3,3493
render,53,3,3494
requirement,53,3,3495
reverse,53,3,3496
sentiment,53,3,3497
stadium,53,3,3498
tactic,53,3,3499
accomplishment,50,3,3500
accurate,50,3,3501
aircraft,50,3,3502
alliance,50,3,3503
analyze,50,3,3504
appreciation,50,3,3505
attraction,50,3,3506
auction,50,3,3507
automatically,50,3,3508
awareness,50,3,3509
bizarre,50,3,3510
boundary,50,3,3511
confrontation,50,3,3512
cue,50,3,3513
discourage,50,3,3514
distribute,50,3,3515
economy,50,3,3516
electrical,50,3,3517
envision,50,3,3518
facility,50,3,3519
fluid,50,3,3520
gay,50,3,3521
illusion,50,3,3522
individual,50,3,3523
inventory,50,3,3524
known,50,3,3525
legendary,50,3,3526
offensive,50,3,3527
operator,50,3,3528
pastor,50,3,3529
predator,50,3,3530
presentation,50,3,3531
presidential,50,3,3532
promotion,50,3,3533
regularly,50,3,3534
rental,50,3,3535
revolution,50,3,3536
spark,50,3,3537
stance,50,3,3538
surgeon,50,3,3539
survivor,50,3,3540
testify,50,3,3541
touchdown,50,3,3542
tribal,50,3,3543
wilderness,50,3,3544
achievement,47,3,3545
advanced,47,3,3546
alternative,47,3,3547
aspect,47,3,3548
chapter,47,3,3549
convey,47,3,3550
conviction,47,3,3551
departure,47,3,3552
donation,47,3,3553
efficient,47,3,3554
eliminate,47,3,3555
equality,47,3,3556
fixed,47,3,3557
fraction,47,3,3558
furthermore,47,3,3559
gene,47,3,3560
hostile,47,3,3561
install,47,3,3562
interpret,47,3,3563
listener,47,3,3564
maintenance,47,3,3565
membership,47,3,3566
meter,47,3,3567
mill,47,3,3568
mineral,47,3,3569
offering,47,3,3570
overwhelming,47,3,3571
philosophy,47,3,3572
prediction,47,3,3573
recording,47,3,3574
significant,47,3,3575
solar,47,3,3576
southwest,47,3,3577
specialty,47,3,3578
specifically,47,3,3579
supermarket,47,3,3580
technical,47,3,3581
visual,47,3,3582
wage,47,3,3583
asian,44,3,3584
assess,44,3,3585
associate,44,3,3586
builder,44,3,3587
catalog,44,3,3588
category,44,3,3589
chop,44,3,3590
compel,44,3,3591
consideration,44,3,3592
contribute,44,3,3593
cope,44,3,3594
courtroom,44,3,3595
currency,44,3,3596
digital,44,3,3597
dramatically,44,3,3598
edition,44,3,3599
effective,44,3,3600
establishment,44,3,3601
foundation,44,3,3602
galaxy,44,3,3603
gifted,44,3,3604
greatly,44,3,3605
homeland,44,3,3606
identification,44,3,3607
killing,44,3,3608
leadership,44,3,3609
legitimate,44,3,3610
lifestyle,44,3,3611
likewise,44,3,3612
majority,44,3,3613
manual,44,3,3614
margin,44,3,3615
metaphor,44,3,3616
mode,44,3,3617
neutral,44,3,3618
numerous,44,3,3619
originally,44,3,3620
partially,44,3,3621
plea,44,3,3622
policy,44,3,3623
quarterback,44,3,3624
quest,44,3,3625
repeatedly,44,3,3626
retired,44,3,3627
revelation,44,3,3628
risky,44,3,3629
software,44,3,3630
sole,44,3,3631
specialist,44,3,3632
speculation,44,3,3633
spouse,44,3,3634
sufficient,44,3,3635
supposedly,44,3,3636
tendency,44,3,3637
textbook,44,3,3638
traveler,44,3,3639
tropical,44,3,3640
unite,44,3,3641
venture,44,3,3642
written,44,3,3643
academic,40,3,3644
additional,40,3,3645
asset,40,3,3646
ban,40,3,3647
biological,40,3,3648
condemn,40,3,3649
consciousness,40,3,3650
convict,40,3,3651
criticism,40,3,3652
cultural,40,3,3653
curriculum,40,3,3654
depending,40,3,3655
economic,40,3,3656
everyday,40,3,3657
experienced,40,3,3658
extent,40,3,3659
factor,40,3,3660
factors,40,3,3661
intact,40,3,3662
investigator,40,3,3663
investment,40,3,3664
logic,40,3,3665
negative,40,3,3666
negotiate,40,3,3667
nonetheless,40,3,3668
obstacle,40,3,3669
oral,40,3,3670
outsider,40,3,3671
patron,40,3,3672
preach,40,3,3673
pregnancy,40,3,3674
province,40,3,3675
publicity,40,3,3676
rally,40,3,3677
reform,40,3,3678
relatively,40,3,3679
replacement,40,3,3680
retain,40,3,3681
shuttle,40,3,3682
simultaneously,40,3,3683
skeptical,40,3,3684
sophisticated,40,3,3685
strongly,40,3,3686
suburban,40,3,3687
temporary,40,3,3688
terrorist,40,3,3689
texture,40,3,3690
thoroughly,40,3,3691
twentieth,40,3,3692
accusation,37,3,3693
activist,37,3,3694
administration,37,3,3695
anonymous,37,3,3696
assessment,37,3,3697
capacity,37,3,3698
comedy,37,3,3699
coming,37,3,3700
considerable,37,3,3701
construct,37,3,3702
distinguish,37,3,3703
domain,37,3,3704
empire,37,3,3705
enforcement,37,3,3706
enroll,37,3,3707
exclusive,37,3,3708
fatal,37,3,3709
fitness,37,3,3710
frequent,37,3,3711
icon,37,3,3712
ie,37,3,3713
indication,37,3,3714
internal,37,3,3715
intervention,37,3,3716
isolate,37,3,3717
latter,37,3,3718
measurement,37,3,3719
multiple,37,3,3720
necessarily,37,3,3721
northwest,37,3,3722
overseas,37,3,3723
persian,37,3,3724
previously,37,3,3725
proportion,37,3,3726
prosecutor,37,3,3727
protein,37,3,3728
racial,37,3,3729
reliable,37,3,3730
rural,37,3,3731
severely,37,3,3732
spiritual,37,3,3733
successfully,37,3,3734
sustain,37,3,3735
trait,37,3,3736
ultimate,37,3,3737
united,37,3,3738
virtually,37,3,3739
acceptance,34,3,3740
acid,34,3,3741
analysis,34,3,3742
automatic,34,3,3743
billion,34,3,3744
cable,34,3,3745
congregation,34,3,3746
contribution,34,3,3747
cooperate,34,3,3748
devise,34,3,3749
dialogue,34,3,3750
differ,34,3,3751
diplomat,34,3,3752
eligible,34,3,3753
environmental,34,3,3754
exhibition,34,3,3755
extract,34,3,3756
full-time,34,3,3757
global,34,3,3758
hardware,34,3,3759
historic,34,3,3760
housing,34,3,3761
imply,34,3,3762
impose,34,3,3763
laser,34,3,3764
latin,34,3,3765
lighting,34,3,3766
limited,34,3,3767
mechanic,34,3,3768
mentor,34,3,3769
mutual,34,3,3770
nuclear,34,3,3771
opt,34,3,3772
pioneer,34,3,3773
quantity,34,3,3774
refugee,34,3,3775
regulation,34,3,3776
republican,34,3,3777
shrimp,34,3,3778
sponsor,34,3,3779
strategic,34,3,3780
sue,34,3,3781
summary,34,3,3782
tolerance,34,3,3783
uncertainty,34,3,3784
verbal,34,3,3785
vertical,34,3,3786
veteran,34,3,3787
virus,34,3,3788
vocal,34,3,3789
well-known,34,3,3790
adjustment,31,3,3791
administer,31,3,3792
artistic,31,3,3793
attendance,31,3,3794
bomber,31,3,3795
bonus,31,3,3796
chairman,31,3,3797
citizenship,31,3,3798
civilian,31,3,3799
combined,31,3,3800
commercial,31,3,3801
compelling,31,3,3802
compromise,31,3,3803
consultant,31,3,3804
counseling,31,3,3805
distinctive,31,3,3806
educational,31,3,3807
emphasize,31,3,3808
enable,31,3,3809
essence,31,3,3810
ethics,31,3,3811
exhibit,31,3,3812
finance,31,3,3813
found,31,3,3814
garlic,31,3,3815
industrial,31,3,3816
institution,31,3,3817
invasion,31,3,3818
isolation,31,3,3819
justify,31,3,3820
marijuana,31,3,3821
marketing,31,3,3822
mixed,31,3,3823
naval,31,3,3824
northeast,31,3,3825
online,31,3,3826
overall,31,3,3827
perceive,31,3,3828
personnel,31,3,3829
perspective,31,3,3830
planner,31,3,3831
pollution,31,3,3832
portfolio,31,3,3833
premise,31,3,3834
provided,31,3,3835
psychologist,31,3,3836
recruit,31,3,3837
removal,31,3,3838
required,31,3,3839
rival,31,3,3840
scenario,31,3,3841
selection,31,3,3842
significance,31,3,3843
similarly,31,3,3844
skiing,31,3,3845
southeast,31,3,3846
testing,31,3,3847
transaction,31,3,3848
whereas,31,3,3849
accommodate,28,3,3850
accounting,28,3,3851
arab,28,3,3852
bid,28,3,3853
biology,28,3,3854
broker,28,3,3855
casualty,28,3,3856
climate,28,3,3857
commissioner,28,3,3858
conceive,28,3,3859
conspiracy,28,3,3860
consumption,28,3,3861
continued,28,3,3862
convenience,28,3,3863
costly,28,3,3864
cycle,28,3,3865
deposit,28,3,3866
detailed,28,3,3867
elite,28,3,3868
enforce,28,3,3869
enhance,28,3,3870
excessive,28,3,3871
formerly,28,3,3872
function,28,3,3873
gasoline,28,3,3874
govern,28,3,3875
immune,28,3,3876
inquiry,28,3,3877
insert,28,3,3878
journalism,28,3,3879
legacy,28,3,3880
long-term,28,3,3881
longtime,28,3,3882
narrative,28,3,3883
outdoor,28,3,3884
penalty,28,3,3885
photography,28,3,3886
planning,28,3,3887
popularity,28,3,3888
preference,28,3,3889
prescription,28,3,3890
presumably,28,3,3891
profound,28,3,3892
prosecution,28,3,3893
publication,28,3,3894
radical,28,3,3895
rating,28,3,3896
restriction,28,3,3897
scrutiny,28,3,3898
sector,28,3,3899
separation,28,3,3900
sequence,28,3,3901
serving,28,3,3902
similarity,28,3,3903
substantial,28,3,3904
symptom,28,3,3905
tragic,28,3,3906
user,28,3,3907
via,28,3,3908
vitamin,28,3,3909
abroad,25,3,3910
accelerate,25,3,3911
advertising,25,3,3912
aggressive,25,3,3913
airline,25,3,3914
assumption,25,3,3915
auto,25,3,3916
biography,25,3,3917
bombing,25,3,3918
canadian,25,3,3919
collective,25,3,3920
compensation,25,3,3921
competitor,25,3,3922
concerning,25,3,3923
deadline,25,3,3924
dependent,25,3,3925
diplomatic,25,3,3926
disclose,25,3,3927
dispute,25,3,3928
encouraging,25,3,3929
equip,25,3,3930
essential,25,3,3931
evaluate,25,3,3932
expected,25,3,3933
exploration,25,3,3934
exposure,25,3,3935
extended,25,3,3936
extensive,25,3,3937
foreigner,25,3,3938
given,25,3,3939
hostage,25,3,3940
insight,25,3,3941
integrated,25,3,3942
interval,25,3,3943
largely,25,3,3944
lawsuit,25,3,3945
missionary,25,3,3946
monthly,25,3,3947
nomination,25,3,3948
objection,25,3,3949
outstanding,25,3,3950
pasta,25,3,3951
phase,25,3,3952
primary,25,3,3953
prior,25,3,3954
protocol,25,3,3955
psychology,25,3,3956
questionnaire,25,3,3957
re,25,3,3958
related,25,3,3959
republic,25,3,3960
shortage,25,3,3961
specialize,25,3,3962
speculate,25,3,3963
statistics,25,3,3964
supervisor,25,3,3965
surveillance,25,3,3966
testimony,25,3,3967
trigger,25,3,3968
typically,25,3,3969
undergo,25,3,3970
universal,25,3,3971
urban,25,3,3972
vacuum,25,3,3973
videotape,25,3,3974
violation,25,3,3975
aggression,22,3,3976
approximately,22,3,3977
architecture,22,3,3978
artificial,22,3,3979
calculation,22,3,3980
challenging,22,3,3981
characteristic,22,3,3982
civic,22,3,3983
classify,22,3,3984
commonly,22,3,3985
competitive,22,3,3986
contractor,22,3,3987
coordinate,22,3,3988
defendant,22,3,3989
denial,22,3,3990
devastating,22,3,3991
developer,22,3,3992
dictate,22,3,3993
dilemma,22,3,3994
estimate,22,3,3995
execution,22,3,3996
generate,22,3,3997
hispanic,22,3,3998
humanity,22,3,3999
immigrant,22,3,4000
infection,22,3,4001
inmate,22,3,4002
intellectual,22,3,4003
isolated,22,3,4004
landmark,22,3,4005
legislature,22,3,4006
marketplace,22,3,4007
meaningful,22,3,4008
mechanical,22,3,4009
migration,22,3,4010
municipal,22,3,4011
necessity,22,3,4012
one-third,22,3,4013
ongoing,22,3,4014
operating,22,3,4015
optimistic,22,3,4016
outcome,22,3,4017
parish,22,3,4018
partnership,22,3,4019
phenomenon,22,3,4020
playoff,22,3,4021
rehabilitation,22,3,4022
reinforce,22,3,4023
reporting,22,3,4024
revolutionary,22,3,4025
subsequent,22,3,4026
syndrome,22,3,4027
thrive,22,3,4028
transmission,22,3,4029
transmit,22,3,4030
tumor,22,3,4031
verdict,22,3,4032
violate,22,3,4033
virtual,22,3,4034
adequate,19,3,4035
administrative,19,3,4036
assert,19,3,4037
association,19,3,4038
balanced,19,3,4039
behalf,19,3,4040
broadcast,19,3,4041
buyer,19,3,4042
chopped,19,3,4043
circuit,19,3,4044
collaboration,19,3,4045
complication,19,3,4046
comply,19,3,4047
consequently,19,3,4048
constitute,19,3,4049
contemporary,19,3,4050
controversial,19,3,4051
conventional,19,3,4052
corruption,19,3,4053
creativity,19,3,4054
critic,19,3,4055
cuban,19,3,4056
democrat,19,3,4057
diminish,19,3,4058
disability,19,3,4059
discrimination,19,3,4060
donor,19,3,4061
dynamics,19,3,4062
edit,19,3,4063
engineering,19,3,4064
epidemic,19,3,4065
estimated,19,3,4066
external,19,3,4067
fare,19,3,4068
favorable,19,3,4069
foster,19,3,4070
fraud,19,3,4071
frequency,19,3,4072
funding,19,3,4073
hazard,19,3,4074
implication,19,3,4075
indigenous,19,3,4076
initiative,19,3,4077
instance,19,3,4078
invest,19,3,4079
managing,19,3,4080
manipulate,19,3,4081
manufacturing,19,3,4082
medication,19,3,4083
minimal,19,3,4084
mobile,19,3,4085
motivate,19,3,4086
muslim,19,3,4087
nominate,19,3,4088
observer,19,3,4089
opposed,19,3,4090
opposition,19,3,4091
organic,19,3,4092
outlet,19,3,4093
oversee,19,3,4094
partial,19,3,4095
particle,19,3,4096
percentage,19,3,4097
prevail,19,3,4098
progressive,19,3,4099
psychological,19,3,4100
realistic,19,3,4101
recipient,19,3,4102
recommendation,19,3,4103
screening,19,3,4104
sensitivity,19,3,4105
significantly,19,3,4106
smoking,19,3,4107
socially,19,3,4108
suburb,19,3,4109
transition,19,3,4110
translation,19,3,4111
trauma,19,3,4112
widespread,19,3,4113
accuracy,16,3,4114
acquisition,16,3,4115
agenda,16,3,4116
articulate,16,3,4117
attribute,16,3,4118
automobile,16,3,4119
ballot,16,3,4120
chronic,16,3,4121
colonial,16,3,4122
columnist,16,3,4123
commodity,16,3,4124
complexity,16,3,4125
congressional,16,3,4126
conservative,16,3,4127
constitutional,16,3,4128
continuous,16,3,4129
cooperation,16,3,4130
corporation,16,3,4131
database,16,3,4132
depict,16,3,4133
diagnose,16,3,4134
discount,16,3,4135
distinction,16,3,4136
dynamic,16,3,4137
earnings,16,3,4138
electronics,16,3,4139
entity,16,3,4140
entrepreneur,16,3,4141
equation,16,3,4142
era,16,3,4143
evident,16,3,4144
evolve,16,3,4145
existing,16,3,4146
expertise,16,3,4147
faculty,16,3,4148
finding,16,3,4149
genetic,16,3,4150
improved,16,3,4151
incorporate,16,3,4152
inevitably,16,3,4153
influential,16,3,4154
informal,16,3,4155
interpretation,16,3,4156
ironically,16,3,4157
israeli,16,3,4158
liberal,16,3,4159
limitation,16,3,4160
mathematics,16,3,4161
medium,16,3,4162
metropolitan,16,3,4163
minimum,16,3,4164
origin,16,3,4165
politically,16,3,4166
potentially,16,3,4167
readily,16,3,4168
regulate,16,3,4169
representation,16,3,4170
residential,16,3,4171
ruling,16,3,4172
segment,16,3,4173
senate,16,3,4174
shared,16,3,4175
strengthen,16,3,4176
teaspoon,16,3,4177
terms,16,3,4178
undertake,16,3,4179
utility,16,3,4180
vendor,16,3,4181
well-being,16,3,4182
withdrawal,16,3,4183
actively,12,3,4184
amendment,12,3,4185
beneficial,12,3,4186
boost,12,3,4187
capability,12,3,4188
carbon,12,3,4189
cite,12,3,4190
coastal,12,3,4191
component,12,3,4192
consensus,12,3,4193
constitution,12,3,4194
contend,12,3,4195
continuing,12,3,4196
counsel,12,3,4197
coverage,12,3,4198
dimension,12,3,4199
disc,12,3,4200
doctrine,12,3,4201
documentary,12,3,4202
economics,12,3,4203
efficiency,12,3,4204
emotionally,12,3,4205
equivalent,12,3,4206
essentially,12,3,4207
ethical,12,3,4208
exceed,12,3,4209
exclusively,12,3,4210
facilitate,12,3,4211
filter,12,3,4212
flexible,12,3,4213
frontier,12,3,4214
harassment,12,3,4215
high-tech,12,3,4216
hormone,12,3,4217
implement,12,3,4218
initially,12,3,4219
legally,12,3,4220
likelihood,12,3,4221
magnitude,12,3,4222
ministry,12,3,4223
minority,12,3,4224
modify,12,3,4225
momentum,12,3,4226
norm,12,3,4227
ownership,12,3,4228
pension,12,3,4229
placement,12,3,4230
primarily,12,3,4231
provider,12,3,4232
regional,12,3,4233
relevant,12,3,4234
reproduce,12,3,4235
researcher,12,3,4236
retail,12,3,4237
secondary,12,3,4238
solely,12,3,4239
spectrum,12,3,4240
terrorism,12,3,4241
theology,12,3,4242
transformation,12,3,4243
transit,12,3,4244
trend,12,3,4245
unity,12,3,4246
versus,12,3,4247
viewer,12,3,4248
website,12,3,4249
willingness,12,3,4250
agricultural,9,3,4251
analyst,9,3,4252
bacteria,9,3,4253
banking,9,3,4254
carbohydrate,9,3,4255
characterize,9,3,4256
charter,9,3,4257
cholesterol,9,3,4258
classical,9,3,4259
comprise,9,3,4260
conservation,9,3,4261
controversy,9,3,4262
conversion,9,3,4263
coordinator,9,3,4264
counterpart,9,3,4265
coup,9,3,4266
debut,9,3,4267
density,9,3,4268
derive,9,3,4269
developing,9,3,4270
diagnosis,9,3,4271
discourse,9,3,4272
distribution,9,3,4273
diverse,9,3,4274
dominant,9,3,4275
exclude,9,3,4276
expansion,9,3,4277
exploit,9,3,4278
export,9,3,4279
feedback,9,3,4280
franchise,9,3,4281
immigration,9,3,4282
increasing,9,3,4283
initiate,9,3,4284
integrity,9,3,4285
interact,9,3,4286
interaction,9,3,4287
investor,9,3,4288
magnetic,9,3,4289
maximum,9,3,4290
mechanism,9,3,4291
merit,9,3,4292
minimize,9,3,4293
moreover,9,3,4294
mortgage,9,3,4295
nationwide,9,3,4296
negotiation,9,3,4297
organized,9,3,4298
orientation,9,3,4299
participant,9,3,4300
participation,9,3,4301
patent,9,3,4302
perception,9,3,4303
performer,9,3,4304
preliminary,9,3,4305
presidency,9,3,4306
prohibit,9,3,4307
proposed,9,3,4308
publicly,9,3,4309
rational,9,3,4310
regime,9,3,4311
reportedly,9,3,4312
respectively,9,3,4313
restrict,9,3,4314
revenue,9,3,4315
routinely,9,3,4316
sodium,9,3,4317
spending,9,3,4318
stability,9,3,4319
statistical,9,3,4320
stimulate,9,3,4321
supportive,9,3,4322
tablespoon,9,3,4323
theoretical,9,3,4324
toxic,9,3,4325
unemployment,9,3,4326
update,9,3,4327
variation,9,3,4328
welfare,9,3,4329
worldwide,9,3,4330
abstract,6,3,4331
accurately,6,3,4332
adolescent,6,3,4333
aesthetic,6,3,4334
allegation,6,3,4335
annually,6,3,4336
associated,6,3,4337
astronomer,6,3,4338
authorize,6,3,4339
bias,6,3,4340
bureaucracy,6,3,4341
compliance,6,3,4342
composer,6,3,4343
composition,6,3,4344
consent,6,3,4345
consistent,6,3,4346
cooperative,6,3,4347
decrease,6,3,4348
deficit,6,3,4349
deploy,6,3,4350
developed,6,3,4351
developmental,6,3,4352
diabetes,6,3,4353
economically,6,3,4354
effectively,6,3,4355
evolution,6,3,4356
experimental,6,3,4357
extension,6,3,4358
flexibility,6,3,4359
gender,6,3,4360
habitat,6,3,4361
health-care,6,3,4362
import,6,3,4363
indicator,6,3,4364
inherent,6,3,4365
input,6,3,4366
installation,6,3,4367
iraqi,6,3,4368
judicial,6,3,4369
mandate,6,3,4370
marine,6,3,4371
moderate,6,3,4372
molecule,6,3,4373
palestinian,6,3,4374
practitioner,6,3,4375
programming,6,3,4376
projection,6,3,4377
recession,6,3,4378
reduction,6,3,4379
sanction,6,3,4380
selected,6,3,4381
self-esteem,6,3,4382
shareholder,6,3,4383
specify,6,3,4384
stimulus,6,3,4385
sustainable,6,3,4386
thereby,6,3,4387
tourism,6,3,4388
traditionally,6,3,4389
undermine,6,3,4390
unprecedented,6,3,4391
utilize,6,3,4392
accessible,3,3,4393
administrator,3,3,4394
advocate,3,3,4395
agriculture,3,3,4396
alleged,3,3,4397
bankruptcy,3,3,4398
coalition,3,3,4399
conception,3,3,4400
consistency,3,3,4401
consistently,3,3,4402
constraint,3,3,4403
consumer,3,3,4404
correlation,3,3,4405
critique,3,3,4406
disabled,3,3,4407
diversity,3,3,4408
educator,3,3,4409
effectiveness,3,3,4410
enact,3,3,4411
endorse,3,3,4412
ethnic,3,3,4413
feminist,3,3,4414
fiscal,3,3,4415
functional,3,3,4416
historically,3,3,4417
ideological,3,3,4418
incentive,3,3,4419
increased,3,3,4420
infrastructure,3,3,4421
innovation,3,3,4422
institutional,3,3,4423
instructional,3,3,4424
intensive,3,3,4425
interactive,3,3,4426
jurisdiction,3,3,4427
lawmaker,3,3,4428
legislation,3,3,4429
legislative,3,3,4430
legislator,3,3,4431
liability,3,3,4432
mainstream,3,3,4433
manufacturer,3,3,4434
middle-class,3,3,4435
mortality,3,3,4436
nominee,3,3,4437
nutrient,3,3,4438
offender,3,3,4439
organizational,3,3,4440
parental,3,3,4441
perceived,3,3,4442
philosophical,3,3,4443
portray,3,3,4444
productive,3,3,4445
productivity,3,3,4446
reliability,3,3,4447
secular,3,3,4448
seminar,3,3,4449
statute,3,3,4450
substantially,3,3,4451
taxpayer,3,3,4452
technological,3,3,4453
theological,3,3,4454
undergraduate,3,3,4455
underlying,3,3,4456
valid,3,3,4457
validity,3,3,4458
voluntary,3,3,4459
workplace,3,3,4460
accountability,1,3,4461
adjective,1,3,4462
allegedly,1,3,4463
autonomy,1,3,4464
availability,1,3,4465
behavioral,1,3,4466
cents,1,3,4467
clinical,1,3,4468
cognitive,1,3,4469
comparable,1,3,4470
comprehensive,1,3,4471
consecutive,1,3,4472
consonant,1,3,4473
contributor,1,3,4474
credibility,1,3,4475
criteria,1,3,4476
decimal,1,3,4477
demographic,1,3,4478
dictionary,1,3,4479
dollars,1,3,4480
done,1,3,4481
ecological,1,3,4482
economist,1,3,4483
ecosystem,1,3,4484
emerging,1,3,4485
emission,1,3,4486
england,1,3,4487
equity,1,3,4488
evaluation,1,3,4489
explicit,1,3,4490
fig,1,3,4491
format,1,3,4492
forum,1,3,4493
framework,1,3,4494
fundamental,1,3,4495
guideline,1,3,4496
hoe,1,3,4497
hypothesis,1,3,4498
ideology,1,3,4499
implementation,1,3,4500
inches,1,3,4501
inflation,1,3,4502
innovative,1,3,4503
iranian,1,3,4504
islamic,1,3,4505
juror,1,3,4506
melody,1,3,4507
mile,1,3,4508
molecules,1,3,4509
nonprofit,1,3,4510
noun,1,3,4511
numeral,1,3,4512
organism,1,3,4513
output,1,3,4514
paragraph,1,3,4515
plaintiff,1,3,4516
plural,1,3,4517
premium,1,3,4518
prevention,1,3,4519
processing,1,3,4520
processor,1,3,4521
ratio,1,3,4522
regulator,1,3,4523
regulatory,1,3,4524
respondent,1,3,4525
retailer,1,3,4526
rhetoric,1,3,4527
short-term,1,3,4528
sovereignty,1,3,4529
spokesman,1,3,4530
stereotype,1,3,4531
structural,1,3,4532
subsidy,1,3,4533
suffix,1,3,4534
supplier,1,3,4535
syllables,1,3,4536
symbolic,1,3,4537
triangle,1,3,4538
two-thirds,1,3,4539
underline,1,3,4540
vaccine,1,3,4541
variable,1,3,4542
verb,1,3,4543
vowel,1,3,4544
washington,1,3,4545
